GeneID,Plate_ID,Row,Col,New_ID,Golden_Gate_Enzyme,Payload_Name,PTag_1_ID,PTag_2_ID,Oralgen Gene ID,GI,Locus,VIMSS (MicrobesOnline #),GeneID,colony_growth,liquid_growth,quivey_successful,quivey_essential,RawMaxOD,TimeMaxOD,PredVMax,TimePredVMax,PassColony,PassLiquid,PassMaxOD,PassTimeMaxOD,PassVMax,PassTimeVMax,PassAll,Pass5,Pass4,Pass3
0,1,A,1,SMU_01,BsaI,Payload_2,Tag_58,Tag_82,SMu0001,24378533,SMU.01,VIMSS294836,1029426,N,N,N,?,0.19,24.00333,0.0600645280350988,23.83,False,False,False,True,False,False,False,False,False,False
3,1,D,1,SMU_05,BsaI,Payload_2,Tag_62,Tag_106,SMu0003,24378535,SMU.05,VIMSS294838,1029438,Y,N,N,Y,0.975,16.83667,0.216163998251463,15.02,True,False,True,True,True,True,False,True,True,True
5,1,F,1,SMU_07,BsaI,Payload_2,Tag_88,Tag_177,SMu0005,24378537,SMU.07,VIMSS294840,1029439,N,N,N,?,1.063,23.83667,0.249045597795623,19.93,False,False,True,True,True,True,False,False,True,True
8,1,A,2,SMU_10,BbsI,Payload_4,Tag_7,Tag_29,SMu0008,24378540,SMU.10,VIMSS294843,1029403,N,N,N,?,1.14,24.00333,0.231192070242289,19.38,False,False,True,True,True,True,False,False,True,True
11,1,D,2,SMU_13,BsaI,Payload_2,Tag_115,Tag_150,SMu0011,24378543,SMU.13,VIMSS294846,1029348,N,N,N,Y,1.121,23.00333,0.243554426156291,19.3,False,False,True,True,True,True,False,False,True,True
13,1,F,2,SMU_15,BsaI,Payload_2,Tag_40,Tag_117,SMu0013,24378545,SMU.15,VIMSS294848,1029422,N,N,N,?,1.333,24.00333,0.307413288335651,13.79,False,False,True,True,True,True,False,False,True,True
16,1,A,3,SMU_18,BsaI,Payload_2,Tag_65,Tag_121,SMu0015,24378547,SMU.18,VIMSS294850,1029373,N,N,N,?,1.045,24.00333,0.217379803457728,18.65,False,False,True,True,True,True,False,False,True,True
17,1,B,3,intergenic_3,BsaI,Payload_2,Tag_86,Tag_135,,,,,,N,N,,,1.055,21.17,0.21592011765186,17.31,False,False,True,True,True,True,False,False,True,True
20,1,E,3,SMU_22,BsaI,Payload_2,Tag_26,Tag_156,SMu0018,24378550,SMU.22,VIMSS294853,1029610,N,N,N,?,1.224,24.00333,0.270608110076482,14.36,False,False,True,True,True,True,False,False,True,True
21,1,F,3,SMU_23,BsaI,Payload_2,Tag_109,Tag_132,SMu0019,24378551,SMU.23,VIMSS294854,1029611,N,N,N,Y,1.047,22.50333,0.232794781805461,19.06,False,False,True,True,True,True,False,False,True,True
77,1,F,10,SMU_70,BsaI,Payload_2,Tag_44,Tag_160,SMu0063,24378595,SMU.70,VIMSS294898,1029655,N,N,N,?,1.051,23.17,0.255816047953826,20.58,False,False,True,True,True,False,False,False,False,False
89,1,B,12,SMU_80,BsaI,Payload_2,Tag_2,Tag_62,SMu0072,24378604,SMU.80,VIMSS294907,1029663,N,N,Y,N,1.087,24.00333,0.235552064324308,20.53,False,False,True,True,True,False,False,False,False,False
90,1,C,12,SMU_81,BsaI,Payload_2,Tag_12,Tag_178,SMu0073,24378605,SMU.81,VIMSS294908,1029662,N,N,Y,N,0.977,21.50333,0.223101488402267,19.37,False,False,True,True,True,True,False,False,True,True
91,1,D,12,intergenic_18,BsaI,Payload_2,Tag_23,Tag_131,,,,,,N,N,,,0.981,21.67,0.229035624156778,19.59,False,False,True,True,True,True,False,False,True,True
110,2,G,2,SMU_96,BsaI,Payload_2,Tag_132,Tag_134,SMu0086,347750431,SMU.96,VIMSS294921,1029671,N,N,Y,N,1.365,23.25306,0.226146668925139,15.00306,False,False,True,True,True,True,False,False,True,True
111,2,H,2,SMU_97,BsaI,Payload_2,Tag_14,Tag_175,SMu0087,24378619,SMU.97,VIMSS294922,1029678,N,N,Y,N,0.258,24.00306,0.084392273322919,23.75306,False,False,True,True,False,False,False,False,False,False
113,2,B,3,SMU_99,BbsI,Payload_4,Tag_123,Tag_149,SMu0088,24378620,SMU.99,VIMSS294923,1029679,N,N,Y,N,0.104,5.50306,1.64997142351727E-22,1.00306,False,False,False,False,False,False,False,False,False,False
142,2,G,6,intergenic_33,BbsI,Payload_4,Tag_8,Tag_32,,,,,,N,N,,,0.102,11.25306,1.92104465505168E-29,1.00306,False,False,False,True,False,False,False,False,False,False
143,2,H,6,SMU_123,BsaI,Payload_2,Tag_80,Tag_104,SMu0110,24378642,SMU.123,VIMSS294945,1029702,Y,N,Y,N,0.137,24.00306,0.0007548236382613,23.74306,True,False,False,True,False,False,False,False,False,False
148,2,E,7,SMU_127,BsaI,Payload_2,Tag_30,Tag_165,SMu0113,24378645,SMU.127,VIMSS294948,1029703,N,N,N,Y,0.188,24.00306,0.0426403534745893,23.75306,False,False,False,True,False,False,False,False,False,False
149,2,F,7,SMU_128,BsaI,Payload_2,Tag_49,Tag_98,SMu0114,24378646,SMU.128,VIMSS294949,1029701,N,N,Y,N,0.35,24.00306,0.152802686878573,23.75306,False,False,True,True,True,False,False,False,False,False
151,2,H,7,SMU_130,BsaI,Payload_2,Tag_144,Tag_172,SMu0116,24378648,SMU.130,VIMSS294951,1029705,N,N,Y,N,0.111,24.00306,1.53999483875976E-15,1.00306,False,False,False,True,False,False,False,False,False,False
165,2,F,9,SMU_143c,BsaI,Payload_1,Tag_171,Tag_174,SMu0128,24378660,SMU.143c,VIMSS294963,1029717,N,N,N,Y,0.105,4.25306,7.22008398075517E-15,1.00306,False,False,False,False,False,False,False,False,False,False
195,3,D,1,intergenic_44,BsaI,Payload_2,Tag_136,Tag_175,,,,,,N,Y,,,0.1,3.25333,3.39525329537131E-16,1.00333,False,True,False,False,False,False,False,False,False,False
196,3,E,1,SMU_169,BbsI,Payload_4,Tag_65,Tag_151,SMu0152,24378684,SMU.169,VIMSS294987,1029741,N,Y,Y,N,0.101,18.75306,4.03986822881145E-33,1.00333,False,True,False,True,False,False,False,False,False,False
197,3,F,1,SMU_170,BsaI,Payload_2,Tag_79,Tag_98,SMu0153,24378685,SMU.170,VIMSS294988,1029746,N,Y,Y,N,0.101,9.50333,1.2516176968371E-21,1.00333,False,True,False,True,False,False,False,False,False,False
209,3,B,3,SMU_181,BsaI,Payload_2,Tag_3,Tag_119,SMu0163,24378695,SMU.181,VIMSS294998,1029752,N,Y,N,?,0.103,3.00333,3.36343665110332E-20,1.00333,False,True,False,False,False,False,False,False,False,False
219,3,D,4,intergenic_48,BsaI,Payload_2,Tag_69,Tag_139,,,,,,N,Y,,,0.103,6.75333,9.22661661258691E-17,1.00333,False,True,False,False,False,False,False,False,False,False
248,3,A,8,SMU_218,BsaI,Payload_2,Tag_102,Tag_154,SMu0197,24378729,SMU.218,VIMSS295032,1027818,N,Y,N,?,0.101,16.75333,8.63449671329618E-25,1.00333,False,True,False,True,False,False,False,False,False,False
278,3,G,11,intergenic_59,BsaI,Payload_2,Tag_57,Tag_61,,,,,,N,N,,,0.113,6.75333,1.27198600588336E-19,1.00333,False,False,False,False,False,False,False,False,False,False
279,3,H,11,SMU_243,BsaI,Payload_2,Tag_31,Tag_115,SMu0220,24378752,SMU.243,VIMSS295055,1029470,Y,N,Y,N,1.026,24.00333,0.219109902122736,22.65333,True,False,True,True,True,False,False,False,True,True
280,3,A,12,SMU_244,BsaI,Payload_2,Tag_43,Tag_166,SMu0221,24378753,SMU.244,VIMSS295056,1027840,N,N,Y,N,0.171,24.00333,0.0252337129157499,23.75333,False,False,False,True,False,False,False,False,False,False
281,3,B,12,SMU_245,BsaI,Payload_2,Tag_34,Tag_39,SMu0222,24378754,SMU.245,VIMSS295057,1027843,Y,N,Y,N,1.813,21.50306,0.307202409420937,15.38333,True,False,True,True,True,True,False,True,True,True
282,3,C,12,SMU_246,BsaI,Payload_2,Tag_78,Tag_111,SMu0223,24378755,SMU.246,VIMSS295058,1027812,Y,N,Y,N,0.104,2.25333,3.71667394913278E-15,1.00333,True,False,False,False,False,False,False,False,False,False
337,4,B,7,SMU_291,BsaI,Payload_2,Tag_15,Tag_55,SMu0262,24378794,SMU.291,VIMSS295097,1029437,N,N,N,Y,0.103,6.75333,2.21952144844467E-14,1.00333,False,False,False,False,False,False,False,False,False,False
344,4,A,8,SMU_297,BsaI,Payload_2,Tag_59,Tag_83,SMu0268,24378800,SMU.297,VIMSS295103,1029369,N,N,N,Y,0.1,10.75333,2.32624407613674E-21,1.00333,False,False,False,True,False,False,False,False,False,False
355,4,D,9,intergenic_79,BsaI,Payload_2,Tag_1,Tag_11,,,,,,N,N,,,0.111,3.50333,3.68417785097831E-28,1.00333,False,False,False,False,False,False,False,False,False,False
356,4,E,9,SMU_307,BsaI,Payload_2,Tag_47,Tag_155,SMu0277,24378809,SMU.307,VIMSS295112,1029442,N,N,N,Y,0.126,3.50333,1.52458377536105E-18,1.00333,False,False,False,False,False,False,False,False,False,False
365,4,F,10,intergenic_81,BsaI,Payload_2,Tag_6,Tag_132,,,,,,N,N,,,0.13,15.25333,2.72797163611775E-20,1.00333,False,False,False,True,False,False,False,False,False,False
366,4,G,10,SMU_317,BsaI,Payload_2,Tag_63,Tag_159,SMu0285,24378817,SMU.317,VIMSS295120,1027882,N,N,Y,N,0.115,6.50333,1.13218910163067E-21,1.00333,False,False,False,False,False,False,False,False,False,False
372,4,E,11,SMU_322c,BsaI,Payload_1,Tag_32,Tag_183,SMu0289,24378821,SMU.322c,VIMSS295124,1029376,Y,N,Y,N,1.61,23.50306,0.287654896790848,18.15333,True,False,True,True,True,True,False,True,True,True
373,4,F,11,SMU_323,BsaI,Payload_1,Tag_18,Tag_183,,,,,,N,N,N,Y,0.12,3.50333,3.76484651596262E-14,1.00333,False,False,False,False,False,False,False,False,False,False
388,5,E,1,SMU_336,BbsI,Payload_4,Tag_37,Tag_178,SMu0302,24378834,SMU.336,VIMSS295137,1027891,N,N,N,?,0.097,15.25306,2.14309811186239E-16,1.00306,False,False,False,True,False,False,False,False,False,False
393,5,B,2,SMU_340,BsaI,Payload_2,Tag_24,Tag_93,SMu0306,24378838,SMU.340,VIMSS295141,1027896,N,N,N,Y,0.1,2.75306,4.85042082039254E-16,1.00306,False,False,False,False,False,False,False,False,False,False
405,5,F,3,SMU_352,BsaI,Payload_2,Tag_107,Tag_137,SMu0317,24378849,SMU.352,VIMSS295152,1029440,N,N,Y,N,0.107,22.75306,8.43218816093079E-22,1.00306,False,False,False,True,False,False,False,False,False,False
406,5,G,3,SMU_353,BsaI,Payload_2,Tag_62,Tag_167,SMu0318,24378850,SMU.353,VIMSS295153,1029049,N,N,Y,N,0.103,13.50306,9.06043861525468E-17,1.00306,False,False,False,True,False,False,False,False,False,False
410,5,C,4,intergenic_89,BsaI,Payload_2,Tag_65,Tag_183,,,,,,N,N,,,1.461,22.75306,0.318545312567614,18.06306,False,False,True,True,True,True,False,False,True,True
411,5,D,4,SMU_357,PaqCI,Payload_8,Tag_27,Tag_95,SMu0322,24378854,SMU.357,VIMSS295157,1027907,N,N,N,Y,0.098,2.75306,1.65559722794102E-21,1.00306,False,False,False,False,False,False,False,False,False,False
412,5,E,4,SMU_358,BsaI,Payload_2,Tag_26,Tag_189,SMu0323,24378855,SMU.358,VIMSS295158,1029529,N,N,Y,N,1.545,23.00306,0.343112241477527,18.19306,False,False,True,True,True,True,False,False,True,True
413,5,F,4,SMU_359,BsaI,Payload_2,Tag_89,Tag_122,SMu0324,24378856,SMU.359,VIMSS295159,1027906,N,N,N,?,0.102,2.75306,2.3565887413322E-21,1.00306,False,False,False,False,False,False,False,False,False,False
414,5,G,4,intergenic_90,BsaI,Payload_2,Tag_56,Tag_117,,,,,,N,N,,,0.11,3.50333,7.14414058844704E-14,1.00306,False,False,False,False,False,False,False,False,False,False
415,5,H,4,SMU_360,BsaI,Payload_2,Tag_112,Tag_129,SMu0325,24378857,SMU.360,VIMSS295160,1027909,N,N,N,Y,0.095,3.50333,4.4446330665283E-16,1.00306,False,False,False,False,False,False,False,False,False,False
417,5,B,5,SMU_361,BsaI,Payload_2,Tag_6,Tag_86,SMu0326,24378858,SMU.361,VIMSS295161,1029506,N,N,N,?,0.1,7.75306,6.07560294884985E-14,1.00306,False,False,False,True,False,False,False,False,False,False
420,5,E,5,SMU_363,BsaI,Payload_2,Tag_171,Tag_191,SMu0328,24378860,SMU.363,VIMSS295163,1027911,N,Y,Y,N,1.422,13.00306,0.40231224484134,7.39306,False,True,True,True,True,True,False,True,True,True
421,5,F,5,SMU_364,BsaI,Payload_2,Tag_166,Tag_192,SMu0329,24378861,SMU.364,VIMSS295164,1029365,N,N,N,?,1.37,24.00306,0.348746068047727,22.39306,False,False,True,True,True,False,False,False,False,False
425,5,B,6,SMU_368c,BsaI,Payload_1,Tag_61,Tag_183,SMu0333,24378865,SMU.368c,VIMSS295168,1029401,N,N,Y,N,0.104,1.50306,1.84732015832104E-15,1.00306,False,False,False,False,False,False,False,False,False,False
426,5,C,6,SMU_369c,BsaI,Payload_1,Tag_32,Tag_34,SMu0334,24378866,SMU.369c,VIMSS295169,1027914,N,N,Y,N,1.172,24.00306,0.213049156102525,19.72306,False,False,True,True,True,True,False,False,True,True
478,5,G,12,SMU_417,BsaI,Payload_2,Tag_167,Tag_177,SMu0378,24378910,SMU.417,VIMSS295213,1027942,N,Y,Y,N,1.52,16.50306,0.187152189012215,11.43306,False,True,True,True,True,True,False,True,True,True
479,5,H,12,SMU_418,BsaI,Payload_2,Tag_42,Tag_55,SMu0379,24378911,SMU.418,VIMSS295214,1029573,N,N,N,?,0.084,3.00333,-8.56091006298727E-21,1.00306,False,False,False,False,False,False,False,False,False,False
480,6,A,1,SMU_419,BsaI,Payload_2,Tag_4,Tag_115,SMu0380,24378912,SMU.419,VIMSS295215,1027940,N,N,N,Y,0.086,7.50333,0,1.00333,False,False,False,True,False,False,False,False,False,False
481,6,B,1,SMU_420,BsaI,Payload_2,Tag_179,Tag_185,SMu0381,24378913,SMU.420,VIMSS295216,1027943,N,?,Y,N,1.613,23.25333,0.339898342755211,18.46333,False,False,True,True,True,True,False,False,True,True
482,6,C,1,SMU_421,BsaI,Payload_2,Tag_5,Tag_115,SMu0382,24378914,SMU.421,VIMSS295217,1029572,N,N,N,Y,0.098,22.50361,8.00774377804235E-22,1.00333,False,False,False,True,False,False,False,False,False,False
488,6,A,2,SMU_424,BsaI,Payload_2,Tag_111,Tag_141,SMu0385,24378917,SMU.424,VIMSS295220,1029575,?,Y,N,Y,1.798,12.75333,0.333066733943781,8.98333,False,True,True,True,True,True,False,True,True,True
507,6,D,4,SMU_441,BsaI,Payload_2,Tag_27,Tag_182,SMu0400,24378931,SMU.441,VIMSS295234,1027951,N,N,Y,N,0.105,11.00333,3.03776947332303E-28,1.00333,False,False,False,True,False,False,False,False,False,False
509,6,F,4,SMU_444,BsaI,Payload_2,Tag_79,Tag_102,SMu0402,24378933,SMU.444,VIMSS295236,1029581,?,Y,Y,N,1.778,11.50333,0.336839912087001,7.61333,False,True,True,True,True,True,False,True,True,True
510,6,G,4,SMU_445,PaqCI,Payload_8,Tag_87,Tag_134,SMu0403,24378934,SMU.445,VIMSS295237,1027904,?,N,Y,N,0.105,3.00333,1.6376721794982E-12,1.00333,False,False,False,False,False,False,False,False,False,False
511,6,H,4,SMU_446,BsmBI/Esp3I,Payload_6,Tag_24,Tag_95,SMu0404,24378935,SMU.446,VIMSS295238,1027957,?,Y,N,Y,1.544,12.50333,0.32508867282639,7.25333,False,True,True,True,True,True,False,True,True,True
519,6,H,5,SMU_454,BsaI,Payload_2,Tag_111,Tag_117,SMu0411,24378942,SMU.454,VIMSS295245,1029345,N,N,N,Y,0.096,4.50333,1.64071389599244E-17,1.00333,False,False,False,False,False,False,False,False,False,False
520,6,A,6,SMU_455,BsaI,Payload_2,Tag_43,Tag_80,SMu0412,24378943,SMU.455,VIMSS295246,1028367,N,N,Y,N,0.095,7.75333,6.89876038968211E-15,1.00333,False,False,False,True,False,False,False,False,False,False
521,6,B,6,SMU_456,BsaI,Payload_2,Tag_80,Tag_177,SMu0413,24378944,SMU.456,VIMSS295247,1027963,N,N,N,Y,0.102,6.75333,1.13662465372448E-19,1.00333,False,False,False,False,False,False,False,False,False,False
531,6,D,7,SMU_464,BsaI,Payload_2,Tag_13,Tag_143,SMu0421,24378952,SMU.464,VIMSS295255,1029339,N,N,N,Y,0.102,5.25333,5.2524e-320,1.00333,False,False,False,False,False,False,False,False,False,False
532,6,E,7,SMU_465,BsaI,Payload_2,Tag_120,Tag_146,SMu0422,24378953,SMU.465,VIMSS295256,1027968,N,N,N,Y,0.104,2.50333,1.53077872973744E-21,1.00333,False,False,False,False,False,False,False,False,False,False
534,6,G,7,SMU_467,BbsI,Payload_3,Tag_158,Tag_162,,,,,,N,N,N,?,0.105,4.25333,4.15987572082782E-23,1.00333,False,False,False,False,False,False,False,False,False,False
535,6,H,7,SMU_469,BsaI,Payload_1,Tag_54,Tag_164,,,,,,N,N,N,?,0.096,5.75333,1.30522932813094E-17,1.00333,False,False,False,False,False,False,False,False,False,False
537,6,B,8,SMU_471,BsaI,Payload_2,Tag_38,Tag_47,SMu0427,24378958,SMU.471,VIMSS295261,1027965,N,N,N,Y,0.106,5.25333,3.62675467908791E-14,1.00333,False,False,False,False,False,False,False,False,False,False
538,6,C,8,intergenic_110,BsaI,Payload_2,Tag_71,Tag_153,,,,,,N,N,,,0.108,5.25333,9.54013764456369E-22,1.00333,False,False,False,False,False,False,False,False,False,False
543,6,H,8,intergenic_111,BsaI,Payload_2,Tag_17,Tag_158,,,,,,N,N,,,0.095,4.25333,3.21039382212894E-18,1.00333,False,False,False,False,False,False,False,False,False,False
544,6,A,9,SMU_478,BsaI,Payload_2,Tag_70,Tag_149,SMu0432,24378963,SMU.478,VIMSS295266,1029597,N,N,N,?,0.098,2.75333,4.31886103249746E-22,1.00333,False,False,False,False,False,False,False,False,False,False
547,6,D,9,SMU_481,BsaI,Payload_2,Tag_80,Tag_141,SMu0435,24378966,SMU.481,VIMSS295269,1029600,N,N,N,Y,0.109,3.25333,5.05215172155353E-27,1.00333,False,False,False,False,False,False,False,False,False,False
573,6,F,12,SMU_504,BsaI,Payload_2,Tag_17,Tag_56,SMu0457,24378988,SMU.504,VIMSS295291,1027994,N,N,N,?,0.101,18.75333,2.22876500351457E-17,1.00333,False,False,False,True,False,False,False,False,False,False
588,7,E,2,SMU_516,BsaI,Payload_2,Tag_134,Tag_136,SMu0468,24378999,SMU.516,VIMSS295302,1029343,N,N,N,Y,0.106,6.75333,1.16489178222284E-19,1.00333,False,False,False,False,False,False,False,False,False,False
589,7,F,2,SMU_517,BsaI,Payload_2,Tag_38,Tag_153,SMu0469,24379000,SMU.517,VIMSS295303,1027832,N,N,Y,N,0.108,6.75333,1.15013944595007E-15,1.00333,False,False,False,False,False,False,False,False,False,False
614,7,G,5,SMU_540,BsaI,Payload_2,Tag_73,Tag_135,SMu0491,24379022,SMU.540,VIMSS295325,1028018,N,N,Y,N,0.109,4.00333,1.07704727884139E-13,1.00333,False,False,False,False,False,False,False,False,False,False
615,7,H,5,intergenic_123,BsaI,Payload_2,Tag_111,Tag_159,,,,,,N,N,,,0.105,6.25333,4.03633047053341E-24,1.00333,False,False,False,False,False,False,False,False,False,False
622,7,G,6,SMU_548,BbsI,Payload_4,Tag_9,Tag_105,SMu0498,24379029,SMU.548,VIMSS295332,1029595,N,N,Y,N,0.108,4.00333,2.22916896639523E-24,1.00333,False,False,False,False,False,False,False,False,False,False
625,7,B,7,SMU_551,BsaI,Payload_2,Tag_18,Tag_76,SMu0501,24379032,SMU.551,VIMSS295335,1029599,N,N,Y,N,0.105,4.50333,4.50310721526008E-18,1.00333,False,False,False,False,False,False,False,False,False,False
626,7,C,7,SMU_552,BsaI,Payload_2,Tag_61,Tag_120,SMu0502,24379033,SMU.552,VIMSS295336,1028023,N,N,Y,N,0.11,5.25333,2.96339010909382E-21,1.00333,False,False,False,False,False,False,False,False,False,False
633,7,B,8,SMU_558,BsmBI/Esp3I,Payload_6,Tag_93,Tag_180,SMu0508,24379039,SMU.558,VIMSS295342,1028027,N,N,N,?,0.109,5.50333,2.74647767930284E-20,1.00333,False,False,False,False,False,False,False,False,False,False
641,7,B,9,SMU_565c,BbsI,Payload_3,Tag_1,Tag_56,SMu0514,24379045,SMU.565c,VIMSS295348,1028030,N,N,N,?,0.108,3.25333,2.38470874120584E-19,1.00333,False,False,False,False,False,False,False,False,False,False
661,7,F,11,SMU_584,BsaI,Payload_2,Tag_85,Tag_150,SMu0531,24379062,SMU.584,VIMSS295365,1029389,N,N,N,?,0.117,19.50333,1.14346205882324E-21,1.00333,False,False,False,True,False,False,False,False,False,False
667,7,D,12,SMU_589,BsaI,Payload_2,Tag_135,Tag_152,SMu0536,24379067,SMU.589,VIMSS295370,1028043,N,N,N,?,0.106,16.25333,2.1008664933369E-16,1.00333,False,False,False,True,False,False,False,False,False,False
675,8,D,1,intergenic_132,BsaI,Payload_2,Tag_52,Tag_98,,,,,,N,N,,,0.109,5.25306,3.4235884448646E-18,1.00333,False,False,False,False,False,False,False,False,False,False
676,8,E,1,SMU_596,BsaI,Payload_2,Tag_96,Tag_105,SMu0543,24379074,SMU.596,VIMSS295377,1029590,N,N,N,?,0.103,5.25306,1.35991484747173E-21,1.00333,False,False,False,False,False,False,False,False,False,False
679,8,H,1,SMU_598,BsaI,Payload_2,Tag_29,Tag_181,SMu0545,24379076,SMU.598,VIMSS295379,1028050,N,N,Y,N,0.085,1.00333,-3.56798101584517E-24,1.00333,False,False,False,False,False,False,False,False,False,False
680,8,A,2,intergenic_134,BsaI,Payload_2,Tag_15,Tag_122,,,,,,N,N,,,0.098,5.25306,-1.2815574324744E-19,1.00333,False,False,False,False,False,False,False,False,False,False
681,8,B,2,SMU_599,BsaI,Payload_2,Tag_41,Tag_136,SMu0546,24379077,SMU.599,VIMSS295380,1029384,N,N,N,?,0.103,1.25306,4.86996984651549E-20,1.00333,False,False,False,False,False,False,False,False,False,False
685,8,F,2,SMU_603,BsaI,Payload_2,Tag_107,Tag_124,SMu0549,24379080,SMU.603,VIMSS295383,1028382,N,N,N,?,0.105,3.25306,1.56265366808694E-16,1.00333,False,False,False,False,False,False,False,False,False,False
694,8,G,3,SMU_610,BsaI,Payload_2,Tag_47,Tag_79,SMu0556,24379087,SMU.610,VIMSS295390,1028055,N,Y,Y,N,1.541,11.75306,0.365740839640072,6.86333,False,True,True,True,True,True,False,True,True,True
713,8,B,6,SMU_628,BsaI,Payload_2,Tag_26,Tag_73,SMu0570,24379101,SMU.628,VIMSS295404,1029584,N,N,N,Y,0.101,4.75333,1.29222394520415E-17,1.00333,False,False,False,False,False,False,False,False,False,False
714,8,C,6,SMU_629,BbsI,Payload_4,Tag_41,Tag_111,SMu0571,24379102,SMU.629,VIMSS295405,1029605,N,N,Y,N,1.209,21.00333,0.315713526480665,18.53333,False,False,True,True,True,True,False,False,True,True
741,8,F,9,intergenic_149,BsaI,Payload_2,Tag_18,Tag_48,,,,,,N,N,,,0.107,5.50333,1.03887358207218E-24,1.00333,False,False,False,False,False,False,False,False,False,False
742,8,G,9,SMU_650,BsaI,Payload_2,Tag_83,Tag_145,SMu0592,24379123,SMU.650,VIMSS295426,1029360,N,N,N,?,0.106,5.50333,2.14584077314789E-14,1.00333,False,False,False,False,False,False,False,False,False,False
763,8,D,12,SMU_667,BbsI,Payload_3,Tag_133,Tag_157,,,,,,N,N,N,Y,0.102,7.00306,2.91080326286059E-16,1.00333,False,False,False,True,False,False,False,False,False,False
765,8,F,12,SMU_668c,BsaI,Payload_1,Tag_48,Tag_102,SMu0610,24379141,SMU.668c,VIMSS295444,1029366,N,N,N,?,0.105,5.25306,4.15373613433271E-15,1.00333,False,False,False,False,False,False,False,False,False,False
766,8,G,12,SMU_669c,BsaI,Payload_1,Tag_41,Tag_95,SMu0611,24379142,SMU.669c,VIMSS295445,1028087,N,N,N,?,0.106,5.75333,4.30707775380849E-17,1.00333,False,False,False,False,False,False,False,False,False,False
773,9,F,1,SMU_674,BsaI,Payload_2,Tag_101,Tag_120,SMu0616,24379147,SMU.674,VIMSS295450,1029475,N,N,N,?,0.101,19.25528,1.06260897734027E-15,1.00333,False,False,False,True,False,False,False,False,False,False
774,9,G,1,SMU_675,BsaI,Payload_2,Tag_40,Tag_124,SMu0617,24379148,SMU.675,VIMSS295451,1028092,N,N,N,Y,0.103,23.50306,2.42120259575073E-21,1.00333,False,False,False,True,False,False,False,False,False,False
775,9,H,1,intergenic_157,BsaI,Payload_2,Tag_128,Tag_167,,,,,,N,?,,,1.678,11.00333,0.354800461986773,6.27333,False,False,True,True,True,True,False,False,True,True
776,9,A,2,SMU_676,BsaI,Payload_2,Tag_86,Tag_187,SMu0618,24379149,SMU.676,VIMSS295452,1028095,N,N,N,?,0.097,2.75333,2.55857981354841E-20,1.00333,False,False,False,False,False,False,False,False,False,False
800,9,A,5,SMU_697,BsaI,Payload_2,Tag_14,Tag_125,SMu0637,24379168,SMU.697,VIMSS295471,1027826,N,N,Y,N,0.108,16.00306,4.42867581747943E-18,1.00333,False,False,False,True,False,False,False,False,False,False
801,9,B,5,SMU_698,BsaI,Payload_2,Tag_35,Tag_115,SMu0638,24379169,SMU.698,VIMSS295472,1028110,N,N,Y,N,0.111,2.75333,7.15092279642545E-74,1.00333,False,False,False,False,False,False,False,False,False,False
802,9,C,5,SMU_699,BsaI,Payload_2,Tag_23,Tag_132,SMu0639,24379170,SMU.699,VIMSS295473,1028113,N,N,N,Y,0.109,2.25306,1.16672689355831E-20,1.00333,False,False,False,False,False,False,False,False,False,False
803,9,D,5,intergenic_163,BsaI,Payload_2,Tag_14,Tag_130,,,,,,N,N,,,0.128,8.00306,2.51798617214777E-16,1.18333,False,False,False,True,False,False,False,False,False,False
809,9,B,6,SMU_706c,BsaI,Payload_1,Tag_101,Tag_172,SMu0645,24379176,SMU.706c,VIMSS295479,1028115,N,Y,Y,N,1.533,15.25306,0.275839318399878,9.53333,False,True,True,True,True,True,False,True,True,True
814,9,G,6,SMU_712,BsaI,Payload_2,Tag_20,Tag_186,SMu0649,24379180,SMU.712,VIMSS295483,1027829,N,N,Y,N,0.106,4.00306,3.12439722902839E-21,1.00333,False,False,False,False,False,False,False,False,False,False
815,9,H,6,intergenic_165,BsaI,Payload_2,Tag_64,Tag_160,,,,,,N,?,,,1.076,24.00333,0.242854967173608,6.53333,False,False,True,True,True,True,False,False,True,True
816,9,A,7,SMU_713,BsaI,Payload_2,Tag_53,Tag_122,SMu0650,24379181,SMU.713,VIMSS295484,1028117,N,N,N,Y,0.105,2.00333,2.12006534996202E-17,1.00333,False,False,False,False,False,False,False,False,False,False
817,9,B,7,intergenic_166,BsaI,Payload_2,Tag_21,Tag_120,,,,,,N,N,,,0.105,1.75333,2.02817383524901E-29,1.00333,False,False,False,False,False,False,False,False,False,False
818,9,C,7,SMU_714,BsaI,Payload_2,Tag_85,Tag_180,SMu0651,24379182,SMU.714,VIMSS295485,1028120,N,N,N,Y,0.11,2.75333,1.01932679367091E-16,1.00333,False,False,False,False,False,False,False,False,False,False
819,9,D,7,intergenic_167,BsaI,Payload_2,Tag_75,Tag_114,,,,,,N,N,,,0.116,2.50306,2.5299042824793E-15,1.00333,False,False,False,False,False,False,False,False,False,False
820,9,E,7,SMU_715,BsaI,Payload_2,Tag_73,Tag_156,SMu0652,24379183,SMU.715,VIMSS295486,1028119,N,N,N,?,0.149,16.00306,0.0134424748317316,1.00333,False,False,False,True,False,False,False,False,False,False
821,9,F,7,intergenic_168,BsaI,Payload_2,Tag_132,Tag_161,,,,,,N,N,,,1.44,13.75306,0.306687314241896,7.95333,False,False,True,True,True,True,False,False,True,True
822,9,G,7,SMU_716,BsaI,Payload_1,Tag_139,Tag_160,,,,,,N,N,N,Y,0.111,4.00306,2.98527832601149E-21,1.00333,False,False,False,False,False,False,False,False,False,False
823,9,H,7,SMU_717,BsaI,Payload_1,Tag_93,Tag_136,,,,,,N,N,N,Y,0.099,11.25306,1.28034530887201E-20,1.00333,False,False,False,True,False,False,False,False,False,False
824,9,A,8,SMU_718c,BsaI,Payload_1,Tag_100,Tag_179,SMu0655,24379186,SMU.718c,VIMSS295489,1029562,N,N,N,?,0.112,5.50333,7.66228004891273E-18,1.00333,False,False,False,False,False,False,False,False,False,False
830,9,G,8,SMU_723,BsaI,Payload_2,Tag_3,Tag_96,SMu0660,24379191,SMU.723,VIMSS295494,1028127,N,N,Y,N,0.111,13.25333,4.82092146385284E-23,1.00333,False,False,False,True,False,False,False,False,False,False
862,9,G,12,SMU_754,BsaI,Payload_2,Tag_104,Tag_179,SMu0685,24379216,SMU.754,VIMSS295519,1028140,N,N,Y,N,0.104,2.25306,4.42793815663241E-21,1.00333,False,False,False,False,False,False,False,False,False,False
883,10,D,3,SMU_773c,BsaI,Payload_1,Tag_149,Tag_150,SMu0701,24379232,SMU.773c,VIMSS295535,1028164,N,N,Y,N,0.703,24.00333,0.3025890179876,23.75333,False,False,True,True,True,False,False,False,False,False
888,10,A,4,SMU_776,BsaI,Payload_2,Tag_75,Tag_183,SMu0704,24379235,SMU.776,VIMSS295538,1028166,N,?,N,?,0.423,24.00333,0.160986570792317,23.75333,False,False,True,True,True,False,False,False,False,False
889,10,B,4,SMU_777,BsaI,Payload_2,Tag_58,Tag_114,SMu0705,24379236,SMU.777,VIMSS295539,1028165,N,N,Y,N,0.179,18.25333,0.0081389271361333,1.00333,False,False,False,True,False,False,False,False,False,False
890,10,C,4,SMU_778,BsaI,Payload_2,Tag_21,Tag_135,SMu0706,24379237,SMU.778,VIMSS295540,1028162,N,N,Y,N,0.105,4.25361,9.83709138869363E-15,1.00333,False,False,False,False,False,False,False,False,False,False
891,10,D,4,SMU_779,BsaI,Payload_2,Tag_32,Tag_134,SMu0707,24379238,SMU.779,VIMSS295541,1028167,N,N,N,Y,0.107,4.00333,1.82659301881544E-19,1.00333,False,False,False,False,False,False,False,False,False,False
892,10,E,4,SMU_780,BbsI,Payload_4,Tag_141,Tag_168,SMu0708,24379239,SMU.780,VIMSS295542,1028053,N,N,Y,N,0.284,20.00333,0.0127125040922996,1.00333,False,False,True,True,False,False,False,False,False,False
893,10,F,4,SMU_781,BbsI,Payload_4,Tag_7,Tag_40,SMu0709,24379240,SMU.781,VIMSS295543,1028052,N,N,N,Y,0.107,4.00333,7.45175638801111E-29,1.00333,False,False,False,False,False,False,False,False,False,False
895,10,H,4,SMU_784,BsaI,Payload_2,Tag_17,Tag_78,SMu0711,24379242,SMU.784,VIMSS295545,1028169,N,N,N,Y,0.167,24.00333,0.0244074238451148,23.75333,False,False,False,True,False,False,False,False,False,False
896,10,A,5,SMU_785,BsaI,Payload_2,Tag_63,Tag_108,SMu0712,24379243,SMU.785,VIMSS295546,1028168,N,N,Y,N,0.099,3.25361,3.85484679357695E-21,1.00333,False,False,False,False,False,False,False,False,False,False
914,10,C,7,SMU_800,BsaI,Payload_2,Tag_25,Tag_37,SMu0726,24379257,SMU.800,VIMSS295560,1028185,N,N,N,Y,0.366,15.00361,0.0128767294925039,1.00333,False,False,True,True,False,False,False,False,False,False
915,10,D,7,SMU_801,BsaI,Payload_2,Tag_171,Tag_182,SMu0727,347750432,SMU.801,VIMSS295561,1028184,N,N,N,Y,0.108,4.25361,1.41905655667821E-19,1.00333,False,False,False,False,False,False,False,False,False,False
935,10,H,9,intergenic_193,BsaI,Payload_2,Tag_69,Tag_76,,,,,,N,N,,,0.101,13.25333,3.64304250557474E-17,1.00333,False,False,False,True,False,False,False,False,False,False
936,10,A,10,SMU_818,BsaI,Payload_2,Tag_158,Tag_185,SMu0742,24379273,SMU.818,VIMSS295576,1028190,N,N,N,?,0.102,5.00361,5.08265497263067E-19,1.00333,False,False,False,False,False,False,False,False,False,False
939,10,D,10,SMU_821,BsaI,Payload_2,Tag_38,Tag_71,SMu0745,24379276,SMU.821,VIMSS295579,1029488,N,N,N,Y,0.115,17.25361,6.51689781477823E-18,1.00333,False,False,False,True,False,False,False,False,False,False
940,10,E,10,SMU_822,BsaI,Payload_2,Tag_50,Tag_129,SMu0746,24379277,SMU.822,VIMSS295580,1028204,N,N,N,?,0.112,4.75361,1.3934430568259E-15,1.00333,False,False,False,False,False,False,False,False,False,False
943,10,H,10,SMU_824,BsaI,Payload_2,Tag_35,Tag_162,SMu0748,24379279,SMU.824,VIMSS295582,1028200,N,N,N,?,0.105,17.25361,9.02079864731156E-18,1.00333,False,False,False,True,False,False,False,False,False,False
944,10,A,11,SMU_825,BsaI,Payload_2,Tag_100,Tag_185,SMu0749,24379280,SMU.825,VIMSS295583,1028205,N,?,Y,N,0.18,24.00333,0.0300133071937002,23.75333,False,False,False,True,False,False,False,False,False,False
945,10,B,11,SMU_826,BsaI,Payload_2,Tag_16,Tag_172,SMu0750,24379281,SMU.826,VIMSS295584,1028203,?,N,Y,N,0.108,8.00361,1.8975377352852E-25,1.00333,False,False,False,True,False,False,False,False,False,False
946,10,C,11,SMU_827,BsaI,Payload_2,Tag_17,Tag_146,SMu0751,24379282,SMU.827,VIMSS295585,1028198,N,N,N,Y,0.113,16.75333,4.95027718344999E-19,1.00333,False,False,False,True,False,False,False,False,False,False
947,10,D,11,SMU_828,BsaI,Payload_2,Tag_34,Tag_93,SMu0752,24379283,SMU.828,VIMSS295586,1028207,N,N,N,Y,0.116,4.25361,8.81291454101373E-28,1.00333,False,False,False,False,False,False,False,False,False,False
948,10,E,11,SMU_829,BsaI,Payload_2,Tag_24,Tag_183,SMu0753,24379284,SMU.829,VIMSS295587,1029496,N,N,Y,N,0.113,2.00361,1.77917236598434E-14,1.00333,False,False,False,False,False,False,False,False,False,False
967,11,H,1,SMU_847c,BsaI,Payload_1,Tag_15,Tag_103,SMu0770,24379301,SMU.847c,VIMSS295604,1028220,N,N,N,?,0.549,24.00306,0.238786527438833,23.75306,False,False,True,True,True,False,False,False,False,False
968,11,A,2,SMU_846,BsaI,Payload_2,Tag_50,Tag_52,SMu0771,24379302,SMU.846,VIMSS295605,1028218,N,N,N,Y,0.107,9.75278,-5.36939372245085E-46,1.00306,False,False,False,True,False,False,False,False,False,False
969,11,B,2,SMU_848,BsaI,Payload_2,Tag_142,Tag_192,SMu0772,24379303,SMU.848,VIMSS295606,1028217,N,N,N,Y,0.11,22.25306,3.3393212045267E-15,1.00306,False,False,False,True,False,False,False,False,False,False
970,11,C,2,SMU_849,BsaI,Payload_2,Tag_27,Tag_53,SMu0773,24379304,SMU.849,VIMSS295607,1028224,N,N,N,?,0.11,5.00306,7.15663751786027E-20,1.00306,False,False,False,False,False,False,False,False,False,False
971,11,D,2,intergenic_197,BsaI,Payload_2,Tag_4,Tag_178,,,,,,?,Y,,,1.707,11.75306,0.343016486266985,6.92306,False,True,True,True,True,True,False,True,True,True
990,11,G,4,intergenic_202,BsaI,Payload_2,Tag_23,Tag_135,,,,,,N,N,,,0.122,10.75306,6.74288950774355E-19,1.00306,False,False,False,True,False,False,False,False,False,False
991,11,H,4,SMU_865,BsaI,Payload_2,Tag_13,Tag_115,SMu0788,24379319,SMU.865,VIMSS295622,1028234,N,N,Y,N,0.103,2.25306,2.1264181782534E-25,1.00306,False,False,False,False,False,False,False,False,False,False
992,11,A,5,SMU_866,BsaI,Payload_2,Tag_147,Tag_148,SMu0789,24379320,SMU.866,VIMSS295623,1028233,?,Y,Y,N,1.298,12.50306,0.261588435219166,6.47306,False,True,True,True,True,True,False,True,True,True
994,11,C,5,SMU_868,BsaI,Payload_2,Tag_93,Tag_111,SMu0791,24379322,SMU.868,VIMSS295625,1028237,?,N,N,Y,0.523,24.00306,0.198656581663234,23.75306,False,False,True,True,True,False,False,False,False,False
1026,11,C,9,intergenic_207,BsaI,Payload_2,Tag_123,Tag_147,,,,,,N,N,,,0.121,9.50306,2.688953950034E-16,1.00306,False,False,False,True,False,False,False,False,False,False
1030,11,G,9,SMU_901,BsaI,Payload_2,Tag_93,Tag_166,SMu0822,24379353,SMU.901,VIMSS295656,1028262,N,N,N,Y,0.103,24.00306,9.89700684881995E-15,1.00306,False,False,False,True,False,False,False,False,False,False
1046,11,G,11,intergenic_211,BsaI,Payload_2,Tag_92,Tag_137,,,,,,Y,N,,,1.74,12.00306,0.346803516638716,6.84306,True,False,True,True,True,True,False,True,True,True
1064,12,A,2,intergenic_214,BsaI,Payload_2,Tag_1,Tag_141,,,,,,N,N,,,0.125,21.25333,5.72818495984096E-21,1.00333,False,False,False,True,False,False,False,False,False,False
1065,12,B,2,SMU_937,BsaI,Payload_2,Tag_20,Tag_90,SMu0850,24379381,SMU.937,VIMSS295684,1028291,?,N,N,?,0.102,7.25333,1.03436779262186E-15,1.00333,False,False,False,True,False,False,False,False,False,False
1066,12,C,2,SMU_938,BsaI,Payload_2,Tag_94,Tag_190,SMu0851,24379382,SMU.938,VIMSS295685,1028289,N,N,Y,N,0.097,1.25333,-1.89824806923438E-24,1.00333,False,False,False,False,False,False,False,False,False,False
1067,12,D,2,SMU_939,BsaI,Payload_2,Tag_14,Tag_35,SMu0852,24379383,SMU.939,VIMSS295686,1028286,N,N,N,?,0.102,19.00306,5.30797042626444E-26,1.00333,False,False,False,True,False,False,False,False,False,False
1071,12,H,2,SMU_942,BsaI,Payload_1,Tag_53,Tag_137,,,,,,N,N,N,?,0.099,1.25333,-2.29466747259113E-15,1.00333,False,False,False,False,False,False,False,False,False,False
1072,12,A,3,SMU_943c,BsaI,Payload_1,Tag_61,Tag_168,SMu0856,24379387,SMU.943c,VIMSS295690,1028290,N,N,N,Y,0.106,19.00306,2.46671678161931E-21,1.00333,False,False,False,True,False,False,False,False,False,False
1073,12,B,3,intergenic_216,BsaI,Payload_2,Tag_23,Tag_43,,,,,,N,N,,,0.12,24.00306,0.0095810968750732,23.75333,False,False,False,True,False,False,False,False,False,False
1074,12,C,3,SMU_944,BsaI,Payload_2,Tag_141,Tag_189,SMu0857,24379388,SMU.944,VIMSS295691,1028296,?,Y,N,?,1.827,11.75333,0.368163130612631,7.40333,False,True,True,True,True,True,False,True,True,True
1076,12,E,3,SMU_947,BsaI,Payload_2,Tag_151,Tag_154,SMu0859,24379390,SMU.947,VIMSS295693,1028294,N,N,N,?,0.106,24.00306,1.28132731441087E-06,17.82333,False,False,False,True,False,True,False,False,False,False
1079,12,H,3,SMU_950,BsaI,Payload_2,Tag_82,Tag_150,SMu0862,24379393,SMU.950,VIMSS295696,1028297,?,Y,N,?,1.7,11.75333,0.35215531212331,7.32333,False,True,True,True,True,True,False,True,True,True
1087,12,H,4,intergenic_218,BsaI,Payload_2,Tag_8,Tag_144,,,,,,N,N,,,0.188,24.00306,0.0309553059748824,23.75333,False,False,False,True,False,False,False,False,False,False
1088,12,A,5,SMU_957,BsaI,Payload_2,Tag_142,Tag_171,SMu0869,24379400,SMU.957,VIMSS295703,1028306,N,N,N,Y,0.101,7.50306,4.27833398568745E-19,1.00333,False,False,False,True,False,False,False,False,False,False
1089,12,B,5,SMU_958,BsaI,Payload_2,Tag_7,Tag_180,SMu0870,24379401,SMU.958,VIMSS295704,1028305,N,N,N,Y,0.112,6.00333,1.28962190437377E-17,1.00333,False,False,False,False,False,False,False,False,False,False
1090,12,C,5,SMU_959c,BsaI,Payload_1,Tag_147,Tag_158,SMu0871,24379402,SMU.959c,VIMSS295705,1028303,N,N,N,Y,0.124,24.00306,0.0116614500040063,23.75333,False,False,False,True,False,False,False,False,False,False
1091,12,D,5,SMU_960,BsaI,Payload_2,Tag_82,Tag_119,SMu0872,24379403,SMU.960,VIMSS295706,1028311,N,N,N,Y,0.11,24.00306,0.0003381972297399,23.75333,False,False,False,True,False,False,False,False,False,False
1092,12,E,5,intergenic_219,BsaI,Payload_2,Tag_67,Tag_148,,,,,,N,N,,,0.102,10.00333,9.19326299902374E-28,1.00333,False,False,False,True,False,False,False,False,False,False
1097,12,B,6,SMU_965,BsaI,Payload_2,Tag_115,Tag_139,SMu0876,24379407,SMU.965,VIMSS295710,1027975,?,Y,Y,N,1.902,10.75306,0.380151473345435,6.32333,False,True,True,True,True,True,False,True,True,True
1098,12,C,6,SMU_966,BsaI,Payload_2,Tag_117,Tag_171,SMu0877,24379408,SMU.966,VIMSS295711,1029434,N,N,Y,N,0.129,24.00306,0.0122996156339806,23.75333,False,False,False,True,False,False,False,False,False,False
1105,12,B,7,SMU_973,BsaI,Payload_2,Tag_25,Tag_109,SMu0884,24379415,SMU.973,VIMSS295718,1028319,N,N,Y,N,1.766,11.75333,0.352752215468143,7.17333,False,False,True,True,True,True,False,False,True,True
1124,12,E,9,intergenic_226,BsaI,Payload_2,Tag_113,Tag_190,,,,,,?,N,,,1.767,10.75306,0.353133337783765,5.95333,False,False,True,True,True,True,False,False,True,True
1125,12,F,9,SMU_989,BsaI,Payload_2,Tag_133,Tag_163,SMu0899,24379429,SMU.989,VIMSS295732,1028321,N,N,N,?,1.748,24.00306,0.333487284931057,19.54333,False,False,True,True,True,True,False,False,True,True
1131,12,D,10,SMU_993,BsaI,Payload_2,Tag_139,Tag_186,SMu0903,24379433,SMU.993,VIMSS295736,1028334,N,N,N,?,0.113,24.00306,9.22100990761745E-24,1.00333,False,False,False,True,False,False,False,False,False,False
1140,12,E,11,SMU_1002,BsaI,Payload_2,Tag_46,Tag_188,SMu0912,24379442,SMU.1002,VIMSS295745,1028341,N,N,N,?,0.106,22.25333,1.72978526815111E-19,1.00333,False,False,False,True,False,False,False,False,False,False
1144,12,A,12,SMU_1004,BsaI,Payload_2,Tag_26,Tag_76,SMu0914,24379444,SMU.1004,VIMSS295747,1028336,?,Y,Y,N,1.758,12.50333,0.332251512409556,7.25333,False,True,True,True,True,True,False,True,True,True
1179,13,D,4,SMU_1035,BsaI,Payload_2,Tag_38,Tag_113,SMu0944,24379473,SMU.1035,VIMSS295776,1028371,N,N,N,Y,1.749,12.00333,0.324734833196575,7.72306,False,False,True,True,True,True,False,False,True,True
1189,13,F,5,SMU_1045c,BsaI,Payload_1,Tag_83,Tag_176,SMu0954,24379483,SMU.1045c,VIMSS295786,1028373,N,N,N,?,0.113,24.00306,1.12651652221357E-10,23.38306,False,False,False,True,False,False,False,False,False,False
1190,13,G,5,SMU_1046c,BsaI,Payload_1,Tag_73,Tag_83,SMu0955,24379484,SMU.1046c,VIMSS295787,1028369,N,N,Y,N,0.106,14.75333,3.81452514261591E-15,1.00306,False,False,False,True,False,False,False,False,False,False
1192,13,A,6,SMU_1047c,BsaI,Payload_1,Tag_21,Tag_62,SMu0956,24379485,SMU.1047c,VIMSS295788,1028379,N,N,N,?,0.099,5.25306,1.8816180236751E-23,1.00306,False,False,False,False,False,False,False,False,False,False
1195,13,D,6,SMU_1051,BsaI,Payload_2,Tag_57,Tag_71,SMu0959,24379488,SMU.1051,VIMSS295791,1028380,N,N,N,Y,0.171,24.00306,0.0235363486522911,23.75306,False,False,False,True,False,False,False,False,False,False
1266,14,C,3,SMU_1114,BsaI,Payload_1,Tag_110,Tag_134,,,,,,Y,N,N,?,0.118,23.67,2.86875248245336E-23,1.33639,True,False,False,True,False,False,False,False,False,False
1267,14,D,3,SMU_1115,BsaI,Payload_2,Tag_30,Tag_87,SMu1018,24379547,SMU.1115,VIMSS295850,1028428,N,N,N,Y,0.11,22.00333,3.16792930923224E-26,1.33639,False,False,False,True,False,False,False,False,False,False
1273,14,B,4,SMU_1120,BsaI,Payload_1,Tag_82,Tag_128,,,,,,N,Y,Y,N,1.582,10.66972,0.325830039965204,6.14639,False,True,True,True,True,True,False,True,True,True
1279,14,H,4,SMU_1126,BsaI,Payload_2,Tag_81,Tag_186,SMu1029,24379558,SMU.1126,VIMSS295861,1029377,N,N,N,Y,0.114,2.67,-6.72740149089336E-16,1.33639,False,False,False,False,False,False,False,False,False,False
1287,14,H,5,SMU_1134c,BsaI,Payload_1,Tag_32,Tag_145,SMu1036,24379565,SMU.1134c,VIMSS295868,1029559,N,N,N,Y,0.11,2.67,-1.88082445524166E-22,1.33639,False,False,False,False,False,False,False,False,False,False
1288,14,A,6,SMU_1135,BsaI,Payload_1,Tag_149,Tag_191,,,,,,N,N,N,Y,0.104,2.67,-1.16222199117687E-22,1.33639,False,False,False,False,False,False,False,False,False,False
1289,14,B,6,SMU_1136,BsaI,Payload_1,Tag_107,Tag_182,,,,,,N,N,N,Y,0.106,2.67,1.32860320881488E-27,1.33639,False,False,False,False,False,False,False,False,False,False
1290,14,C,6,SMU_1137,BsaI,Payload_1,Tag_50,Tag_143,,,,,,N,N,N,Y,0.107,15.33639,9.79692848520284E-27,1.33639,False,False,False,True,False,False,False,False,False,False
1291,14,D,6,SMU_1138,BsaI,Payload_1,Tag_106,Tag_136,,,,,,N,N,N,?,0.105,23.67,8.6363915252195E-22,1.33639,False,False,False,True,False,False,False,False,False,False
1295,14,H,6,SMU_1142c,BsaI,Payload_1,Tag_103,Tag_175,SMu1044,24379573,SMU.1142c,VIMSS295876,1029353,N,N,N,Y,0.109,2.67,-2.44649982800951E-19,1.33639,False,False,False,False,False,False,False,False,False,False
1296,14,A,7,SMU_1143c,BsaI,Payload_1,Tag_42,Tag_174,SMu1045,24379574,SMU.1143c,VIMSS295877,1029256,N,N,N,?,0.101,2.67,1.34600313040073E-19,1.33639,False,False,False,False,False,False,False,False,False,False
1320,14,A,10,SMU_1165c,BbsI,Payload_3,Tag_167,Tag_188,SMu1066,24379595,SMU.1165c,VIMSS295898,1028466,N,Y,Y,N,1.552,12.00306,0.326864406838476,6.36639,False,True,True,True,True,True,False,True,True,True
1343,14,H,12,SMU_1187,BsaI,Payload_1,Tag_2,Tag_190,,,,,,Y,N,N,?,0.105,8.33639,-9.8503914132347E-23,1.33639,True,False,False,True,False,False,False,False,False,False
1347,15,D,1,SMU_1190,BsaI,Payload_1,Tag_62,Tag_136,,,,,,N,N,N,Y,0.109,23.67,-2.16655773911265E-22,1.33667,False,False,False,True,False,False,False,False,False,False
1348,15,E,1,SMU_1191,BsaI,Payload_1,Tag_47,Tag_124,,,,,,N,N,N,Y,0.111,23.67,-3.44004110597282E-25,1.33667,False,False,False,True,False,False,False,False,False,False
1349,15,F,1,SMU_1192,BsaI,Payload_1,Tag_41,Tag_93,,,,,,N,N,N,Y,0.11,1.67,-2.00510816100303E-22,1.33667,False,False,False,False,False,False,False,False,False,False
1354,15,C,2,intergenic_260,BsaI,Payload_2,Tag_11,Tag_130,,,,,,Y,N,,,0.131,24.00333,0.0002873787617698,23.66667,True,False,False,True,False,False,False,False,False,False
1357,15,F,2,SMU_1200,BsaI,Payload_1,Tag_54,Tag_66,,,,,,N,N,N,?,0.118,23.67,9.96053893004518E-28,1.33667,False,False,False,True,False,False,False,False,False,False
1361,15,B,3,SMU_1204,BbsI,Payload_3,Tag_95,Tag_191,,,,,,Y,N,N,Y,0.109,2.00333,4.58325166820694E-25,1.33667,True,False,False,False,False,False,False,False,False,False
1362,15,C,3,SMU_1205c,BbsI,Payload_3,Tag_18,Tag_64,SMu1101,24379630,SMU.1205c,VIMSS295933,1028501,N,Y,Y,N,1.164,23.67,0.244814840623444,7.21667,False,True,True,True,True,True,False,True,True,True
1363,15,D,3,SMU_1206c,BsaI,Payload_1,Tag_48,Tag_142,SMu1102,24379631,SMU.1206c,VIMSS295934,1028500,Y,N,Y,N,0.12,23.67,3.98522234639159E-22,1.33667,True,False,False,True,False,False,False,False,False,False
1368,15,A,4,SMU_1210,BsaI,Payload_1,Tag_36,Tag_129,,,,,,N,N,N,Y,0.105,2.00333,7.13758989621154E-14,1.33667,False,False,False,False,False,False,False,False,False,False
1369,15,B,4,SMU_1211,BsaI,Payload_2,Tag_64,Tag_130,SMu1107,24379636,SMU.1211,VIMSS295939,1028505,N,N,N,Y,0.123,2.00333,-6.02053556676092E-21,1.33667,False,False,False,False,False,False,False,False,False,False
1407,15,H,8,SMU_1247,BsaI,Payload_1,Tag_53,Tag_75,,,,,,Y,N,N,?,0.106,2.00333,-1.22043642832479E-20,1.33667,True,False,False,False,False,False,False,False,False,False
1408,15,A,9,intergenic_269,BsaI,Payload_2,Tag_43,Tag_183,,,,,,N,Y,,,1.699,12.33722,0.314349405626973,7.15667,False,True,True,True,True,True,False,True,True,True
1439,15,H,12,SMU_1277,BbsI,Payload_3,Tag_24,Tag_174,,,,,,N,N,N,?,0.108,7.67028,-6.27890737546906E-18,1.33667,False,False,False,True,False,False,False,False,False,False
1449,16,B,2,SMU_1288,BsaI,Payload_1,Tag_59,Tag_107,,,,,,N,N,N,?,0.191,24.00361,0.0311958538470759,23.66694,False,False,False,True,False,False,False,False,False,False
1452,16,E,2,SMU_1291c,BsaI,Payload_1,Tag_101,Tag_173,SMu1178,24379707,SMU.1291c,VIMSS296010,1028565,N,N,N,?,0.389,24.00361,0.0853673945542177,23.66694,False,False,True,True,False,False,False,False,False,False
1456,16,A,3,SMU_1294,BsaI,Payload_1,Tag_57,Tag_184,,,,,,Y,N,N,?,0.345,24.00361,0.127560327385222,23.66694,True,False,True,True,True,False,False,False,True,True
1460,16,E,3,SMU_1298,BsaI,Payload_2,Tag_88,Tag_132,SMu1185,24379714,SMU.1298,VIMSS296017,1028520,N,N,N,Y,0.112,3.33694,1.55536311987655E-15,1.33694,False,False,False,False,False,False,False,False,False,False
1492,16,E,7,SMU_1326,BsmBI/Esp3I,Payload_5,Tag_37,Tag_155,,,,,,N,N,N,Y,0.114,24.00361,2.94623545563584E-13,1.33694,False,False,False,True,False,False,False,False,False,False
1606,17,G,9,SMU_1426c,BsaI,Payload_1,Tag_56,Tag_138,SMu1301,24379829,SMU.1426c,VIMSS296132,1028685,N,N,N,?,0.284,19.67,0.0120528071484465,1.33667,False,False,True,True,False,False,False,False,False,False
1608,17,A,10,SMU_1428c,BsaI,Payload_1,Tag_48,Tag_62,SMu1303,24379831,SMU.1428c,VIMSS296134,1028682,N,N,N,?,0.109,10.67,6.56255972921178E-23,1.33667,False,False,False,True,False,False,False,False,False,False
1609,17,B,10,SMU_1429,BsaI,Payload_2,Tag_96,Tag_168,SMu1304,24379832,SMU.1429,VIMSS296135,1028689,Y,N,N,Y,0.117,24.00333,4.92336862191963E-17,1.33667,True,False,False,True,False,False,False,False,False,False
1625,17,B,12,SMU_1444c,BsaI,Payload_1,Tag_115,Tag_141,SMu1315,24379843,SMU.1444c,VIMSS296146,1028706,N,N,Y,N,0.119,24.00333,2.74999729791079E-16,1.33667,False,False,False,True,False,False,False,False,False,False
1641,18,B,2,SMU_1457,BsaI,Payload_1,Tag_30,Tag_156,,,,,,N,N,N,?,0.116,20.00333,7.36615561995317E-16,1.33667,False,False,False,True,False,False,False,False,False,False
1644,18,E,2,SMU_1460,BsaI,Payload_1,Tag_15,Tag_36,,,,,,Y,N,Y,N,0.119,21.00333,4.39126852809576E-31,1.33667,True,False,False,True,False,False,False,False,False,False
1645,18,F,2,SMU_1461,BbsI,Payload_3,Tag_69,Tag_141,,,,,,N,N,Y,N,0.125,23.33667,4.01100878099479E-21,1.33667,False,False,False,True,False,False,False,False,False,False
1649,18,B,3,SMU_1465c,BsaI,Payload_1,Tag_49,Tag_52,SMu1334,24379862,SMU.1465c,VIMSS296165,1028727,Y,N,Y,N,0.109,20.00333,1.52521266569884E-18,1.33667,True,False,False,True,False,False,False,False,False,False
1658,18,C,4,SMU_1474c,BsaI,Payload_1,Tag_134,Tag_166,SMu1341,24379869,SMU.1474c,VIMSS296172,1029577,N,N,Y,N,0.11,6.00333,1.46275634507484E-19,1.33667,False,False,False,False,False,False,False,False,False,False
1680,18,A,7,SMU_1495,BsaI,Payload_1,Tag_54,Tag_87,,,,,,N,Y,Y,N,1.847,11.67,0.336114523210239,7.18667,False,True,True,True,True,True,False,True,True,True
1685,18,F,7,SMU_1499,BsaI,Payload_1,Tag_11,Tag_55,,,,,,N,N,Y,N,0.115,11.33667,1.92661334100816E-21,1.33667,False,False,False,True,False,False,False,False,False,False
1686,18,G,7,SMU_1500,BsaI,Payload_1,Tag_54,Tag_121,,,,,,N,Y,N,?,1.72,14.33667,0.274491009046313,8.83667,False,True,True,True,True,True,False,True,True,True
1699,18,D,9,SMU_1510,BsaI,Payload_1,Tag_28,Tag_173,,,,,,Y,N,N,Y,0.172,24.00333,0.0168659865119766,23.66667,True,False,False,True,False,False,False,False,False,False
1700,18,E,9,SMU_1511c,BsaI,Payload_1,Tag_53,Tag_181,SMu1373,24379901,SMU.1511c,VIMSS296204,1028753,N,N,Y,N,0.114,23.00333,1.37647381455448E-22,1.33667,False,False,False,True,False,False,False,False,False,False
1701,18,F,9,SMU_1512,BsaI,Payload_1,Tag_125,Tag_191,,,,,,N,N,N,Y,0.12,23.00333,1.63426947194514E-21,1.33667,False,False,False,True,False,False,False,False,False,False
1718,18,G,11,SMU_1527,BsaI,Payload_1,Tag_49,Tag_77,,,,,,N,N,Y,N,0.12,23.00333,9.09905215906454E-23,1.33667,False,False,False,True,False,False,False,False,False,False
1719,18,H,11,SMU_1528,BsaI,Payload_1,Tag_181,Tag_190,,,,,,Y,N,Y,N,0.189,23.67,0.0201164657083906,23.66667,True,False,False,True,False,False,False,False,False,False
1720,18,A,12,SMU_1529,BsaI,Payload_1,Tag_48,Tag_116,,,,,,N,N,N,Y,0.104,15.33667,9.08494933334818E-24,1.33667,False,False,False,True,False,False,False,False,False,False
1721,18,B,12,SMU_1530,BsaI,Payload_1,Tag_91,Tag_128,,,,,,N,N,N,Y,0.107,10.00333,2.14270074610808E-16,1.33667,False,False,False,True,False,False,False,False,False,False
1722,18,C,12,SMU_1531,BsaI,Payload_1,Tag_70,Tag_96,,,,,,N,N,Y,N,0.111,10.00333,1.27822340724736E-17,1.33667,False,False,False,True,False,False,False,False,False,False
1723,18,D,12,SMU_1532,BsaI,Payload_1,Tag_26,Tag_67,,,,,,N,N,Y,N,0.111,10.00333,2.96492289076358E-16,1.33667,False,False,False,True,False,False,False,False,False,False
1724,18,E,12,SMU_1533,BbsI,Payload_3,Tag_75,Tag_172,,,,,,N,N,Y,N,0.112,10.00333,1.52622316718819E-18,1.33667,False,False,False,True,False,False,False,False,False,False
1725,18,F,12,SMU_1534,BsaI,Payload_1,Tag_18,Tag_25,,,,,,Y,N,N,?,0.176,24.00333,0.0204911447601571,23.66667,True,False,False,True,False,False,False,False,False,False
1734,19,G,1,SMU_1542c,BsaI,Payload_1,Tag_52,Tag_166,SMu1402,24379930,SMU.1542c,VIMSS296233,1028785,Y,N,N,Y,0.154,24.00333,0.0055508337531874,23.66667,True,False,False,True,False,False,False,False,False,False
1735,19,H,1,SMU_1543,BsaI,Payload_1,Tag_88,Tag_166,,,,,,N,N,N,Y,0.243,13.67,3.70079374833077E-20,1.33667,False,False,False,True,False,False,False,False,False,False
1747,19,D,3,SMU_1556,BsaI,Payload_1,Tag_83,Tag_151,,,,,,N,N,N,?,0.159,24.00333,1.40790778650356E-17,1.33667,False,False,False,True,False,False,False,False,False,False
1757,19,F,4,SMU_1565,BsaI,Payload_1,Tag_12,Tag_172,,,,,,N,Y,Y,N,1.598,12.33667,0.290080229267184,7.70667,False,True,True,True,True,True,False,True,True,True
1765,19,F,5,SMU_1573,BbsI,Payload_3,Tag_33,Tag_135,,,,,,Y,N,N,Y,0.123,24.00333,3.73500761958611E-19,1.33667,True,False,False,True,False,False,False,False,False,False
1775,19,H,6,SMU_1581,BsaI,Payload_1,Tag_121,Tag_122,,,,,,Y,N,N,?,0.726,24.00333,0.294691159043026,23.66667,True,False,True,True,True,False,False,False,True,True
1776,19,A,7,SMU_1582c,BsaI,Payload_1,Tag_6,Tag_26,SMu1438,24379965,SMU.1582c,VIMSS296268,1028815,Y,N,N,Y,0.601,24.00333,0.204353680360994,23.66667,True,False,True,True,True,False,False,False,True,True
1781,19,F,7,SMU_1586,BsaI,Payload_1,Tag_31,Tag_38,,,,,,N,N,Y,N,0.117,13.00333,9.61168331764076E-20,1.33667,False,False,False,True,False,False,False,False,False,False
1805,19,F,10,SMU_1606,BsaI,Payload_1,Tag_110,Tag_126,,,,,,Y,N,Y,N,0.164,24.00333,3.92805685681635E-15,1.33667,True,False,False,True,False,False,False,False,False,False
1806,19,G,10,SMU_1607,BsaI,Payload_1,Tag_133,Tag_149,,,,,,Y,N,Y,N,0.139,24.00333,0.0042806209654426,23.66667,True,False,False,True,False,False,False,False,False,False
1808,19,A,11,SMU_1609c,BsaI,Payload_1,Tag_27,Tag_37,SMu1463,24379989,SMU.1609c,VIMSS296292,1028836,N,N,N,Y,0.114,5.00333,-1.50931373481704E-22,1.33667,False,False,False,False,False,False,False,False,False,False
1812,19,E,11,SMU_1613c,BsaI,Payload_1,Tag_82,Tag_158,SMu1467,24379993,SMU.1613c,VIMSS296296,1028845,Y,N,N,Y,0.247,17.67,0.0071353976382422,6.57667,True,False,False,True,False,True,False,False,False,False
1818,19,C,12,SMU_1619c,BsaI,Payload_1,Tag_40,Tag_158,SMu1473,24379999,SMU.1619c,VIMSS296302,1028851,Y,N,Y,N,0.121,5.00333,1.49362962640163E-16,1.33667,True,False,False,False,False,False,False,False,False,False
1827,20,D,1,SMU_1625,BsaI,Payload_1,Tag_32,Tag_181,,,,,,N,N,N,Y,0.109,19.16972,-1.72080509600687E-29,1.66972,False,False,False,True,False,False,False,False,False,False
1828,20,E,1,SMU_1626,BsaI,Payload_1,Tag_33,Tag_163,,,,,,N,N,Y,N,0.525,24.16972,0.0665747565988613,23.74972,False,False,True,True,False,False,False,False,False,False
1829,20,F,1,SMU_1627,BsaI,Payload_1,Tag_70,Tag_139,,,,,,N,N,Y,N,0.105,11.66972,1.62673298695419E-14,1.66972,False,False,False,True,False,False,False,False,False,False
1840,20,A,3,SMU_1639,BbsI,Payload_3,Tag_15,Tag_43,,,,,,N,N,N,?,0.313,24.16972,0.0958568478629874,23.74972,False,False,True,True,False,False,False,False,False,False
1867,20,D,6,SMU_1662,BsaI,Payload_1,Tag_10,Tag_92,,,,,,N,N,N,?,0.285,24.16972,0.107027638430063,23.74972,False,False,True,True,True,False,False,False,False,False
1885,20,F,8,SMU_1677,BsaI,Payload_2,Tag_61,Tag_166,SMu1529,24380055,SMU.1677,VIMSS296358,1028914,N,N,N,?,0.126,24.16972,0,1.66972,False,False,False,True,False,False,False,False,False,False
1895,20,H,9,SMU_1687,BsmBI/Esp3I,Payload_5,Tag_189,Tag_192,,,,,,N,N,N,?,0.105,6.25306,-1.6979739939589E-15,1.66972,False,False,False,False,False,False,False,False,False,False
1910,20,G,11,SMU_1703c,BsaI,Payload_1,Tag_76,Tag_112,SMu1551,24380077,SMU.1703c,VIMSS296380,1028932,N,N,Y,N,0.568,24.16972,0.203595977392202,23.74972,False,False,True,True,True,False,False,False,False,False
1940,21,E,3,SMU_1731,BsaI,Payload_1,Tag_60,Tag_88,,,,,,N,N,N,Y,0.099,11.25333,2.01219722163591E-18,1.67,False,False,False,True,False,False,False,False,False,False
1943,21,H,3,SMU_1734,BbsI,Payload_3,Tag_36,Tag_190,,,,,,N,Y,N,?,1.448,24.17,0.244650448462185,6.19,False,True,True,True,True,True,False,True,True,True
1944,21,A,4,SMU_1735,BsaI,Payload_1,Tag_19,Tag_119,,,,,,N,Y,N,?,1.61,22.92,0.252969113234329,6.56,False,True,True,True,True,True,False,True,True,True
1945,21,B,4,SMU_1736,BsaI,Payload_1,Tag_121,Tag_154,,,,,,N,N,Y,N,0.221,24.17,0.0647994151036252,23.75,False,False,False,True,False,False,False,False,False,False
1946,21,C,4,SMU_1737,BsaI,Payload_1,Tag_22,Tag_29,,,,,,Y,N,N,Y,0.119,24.17,0.0099507520377119,23.75,True,False,False,True,False,False,False,False,False,False
1947,21,D,4,SMU_1738,BsaI,Payload_1,Tag_166,Tag_184,,,,,,N,N,N,Y,0.11,1.67,-2.38914524096263E-22,1.67,False,False,False,False,False,False,False,False,False,False
1948,21,E,4,SMU_1739,BsaI,Payload_1,Tag_65,Tag_138,,,,,,Y,N,N,?,1.726,20.83667,0.330035781965392,16.78,True,False,True,True,True,True,False,True,True,True
1949,21,F,4,SMU_1740,BsaI,Payload_1,Tag_33,Tag_167,,,,,,Y,N,N,Y,1.451,24.17,0.327199731862267,23.2,True,False,True,True,True,False,False,False,True,True
1952,21,A,5,SMU_1743,BsaI,Payload_1,Tag_48,Tag_112,,,,,,N,N,N,?,0.096,3.75306,4.09704648416886E-16,1.67,False,False,False,False,False,False,False,False,False,False
1953,21,B,5,SMU_1744,BsaI,Payload_1,Tag_61,Tag_146,,,,,,Y,N,Y,N,0.121,24.17,0.0105655380466998,23.75,True,False,False,True,False,False,False,False,False,False
1957,21,F,5,SMU_1747c,BsaI,Payload_1,Tag_74,Tag_99,SMu1593,24380119,SMU.1747c,VIMSS296422,1028968,Y,N,Y,N,1.702,20.00333,0.332630956355341,7.35,True,False,True,True,True,True,False,True,True,True
1994,21,C,10,SMU_1777,BsaI,Payload_1,Tag_78,Tag_192,,,,,,Y,N,Y,N,1.228,24.17,0.144810381970916,13.65,True,False,True,True,True,True,False,True,True,True
1997,21,F,10,SMU_1781,BsaI,Payload_2,Tag_1,Tag_128,SMu1621,24380147,SMU.1781,VIMSS296450,1028997,N,N,Y,N,0.105,14.17,-3.70742756577053E-20,1.67,False,False,False,True,False,False,False,False,False,False
2002,21,C,11,SMU_1783,BsaI,Payload_1,Tag_23,Tag_145,,,,,,N,N,N,?,0.107,24.17,5.28041652933571E-22,1.67,False,False,False,True,False,False,False,False,False,False
2004,21,E,11,SMU_1785,BsaI,Payload_1,Tag_91,Tag_182,,,,,,N,N,Y,N,0.124,24.17,3.49889468313503E-16,1.67,False,False,False,True,False,False,False,False,False,False
2005,21,F,11,SMU_1786,BsmBI/Esp3I,Payload_5,Tag_56,Tag_115,,,,,,N,N,N,?,0.124,24.17,3.82129067790147E-05,23.55,False,False,False,True,False,False,False,False,False,False
2017,22,B,1,SMU_1799,BbsI,Payload_3,Tag_118,Tag_119,,,,,,N,N,Y,N,0.117,5.00333,3.38399234949625E-22,1.67,False,False,False,False,False,False,False,False,False,False
2044,22,E,4,SMU_1819,BsaI,Payload_1,Tag_148,Tag_155,,,,,,N,N,Y,N,0.112,9.17,3.51381106722735E-16,1.67,False,False,False,True,False,False,False,False,False,False
2045,22,F,4,SMU_1820c,BsaI,Payload_1,Tag_39,Tag_82,SMu1658,24380184,SMU.1820c,VIMSS296487,1029032,N,N,Y,N,0.113,7.92,3.43895945371204E-22,1.67,False,False,False,True,False,False,False,False,False,False
2046,22,G,4,SMU_1821c,BsaI,Payload_1,Tag_38,Tag_151,SMu1659,24380185,SMU.1821c,VIMSS296488,1029031,N,N,Y,N,0.121,13.75333,1.45251805050186E-24,1.67,False,False,False,True,False,False,False,False,False,False
2060,22,E,6,SMU_1835,BsaI,Payload_1,Tag_62,Tag_138,,,,,,N,N,Y,N,0.103,3.33667,4.76130664505945E-18,1.67,False,False,False,False,False,False,False,False,False,False
2063,22,H,6,SMU_1837,BsaI,Payload_1,Tag_150,Tag_159,,,,,,N,N,N,?,0.102,3.33667,4.8178041661545E-33,1.67,False,False,False,False,False,False,False,False,False,False
2064,22,A,7,SMU_1838,BsaI,Payload_1,Tag_39,Tag_145,,,,,,N,N,Y,N,0.105,6.67,1.98926009634567E-16,1.67,False,False,False,False,False,False,False,False,False,False
2085,22,F,9,SMU_1858,BsaI,Payload_1,Tag_140,Tag_159,,,,,,N,N,Y,N,0.115,7.92,3.77583656746712E-22,1.67,False,False,False,True,False,False,False,False,False,False
2086,22,G,9,SMU_1859,BsaI,Payload_1,Tag_6,Tag_85,,,,,,N,N,N,?,0.11,14.17,7.3715548959507E-25,1.67,False,False,False,True,False,False,False,False,False,False
2087,22,H,9,SMU_1860,BsaI,Payload_1,Tag_135,Tag_163,,,,,,N,N,N,Y,0.102,14.17,-1.95343526818571E-33,1.67,False,False,False,True,False,False,False,False,False,False
2155,23,D,6,SMU_1921,BbsI,Payload_3,Tag_27,Tag_152,,,,,,N,N,Y,N,0.108,11.66972,1.0323209952495E-21,1.66972,False,False,False,True,False,False,False,False,False,False
2180,23,E,9,SMU_1943,BsaI,Payload_1,Tag_57,Tag_99,,,,,,N,N,N,?,0.117,2.92,4.20284257245488E-14,1.66972,False,False,False,False,False,False,False,False,False,False
2186,23,C,10,SMU_1948,BsaI,Payload_1,Tag_54,Tag_192,,,,,,N,N,N,?,0.128,6.25306,9.56208538339925E-19,1.66972,False,False,False,False,False,False,False,False,False,False
2193,23,B,11,SMU_1955,BbsI,Payload_3,Tag_15,Tag_80,,,,,,N,N,Y,N,1.517,24.17,0.34892204755275,22.39972,False,False,True,True,True,False,False,False,False,False
2217,24,B,2,intergenic_425,BsaI,Payload_2,Tag_79,Tag_164,,,,,,N,N,,,0.105,2.08639,3.75292820976379E-19,1.66972,False,False,False,False,False,False,False,False,False,False
2230,24,G,3,SMU_1990,BsaI,Payload_1,Tag_73,Tag_172,,,,,,N,N,N,Y,0.111,9.58639,-4.45312851142609E-18,1.66972,False,False,False,True,False,False,False,False,False,False
2244,24,E,5,SMU_2000,BsaI,Payload_1,Tag_34,Tag_145,,,,,,N,N,N,?,0.116,16.67,1.87005250640303E-16,7.32972,False,False,False,True,False,True,False,False,False,False
2245,24,F,5,SMU_2001,BsaI,Payload_1,Tag_4,Tag_123,,,,,,N,N,N,Y,0.105,2.92,1.91318657235397E-20,1.66972,False,False,False,False,False,False,False,False,False,False
2246,24,G,5,SMU_2002,BsaI,Payload_1,Tag_15,Tag_22,,,,,,N,N,N,Y,0.119,2.08639,-4.76533883683368E-26,1.66972,False,False,False,False,False,False,False,False,False,False
2247,24,H,5,SMU_2003,BsaI,Payload_1,Tag_10,Tag_60,,,,,,N,N,N,?,0.9,24.16972,0.204414588308006,23.21972,False,False,True,True,True,False,False,False,False,False
2248,24,A,6,SMU_2003a,BsaI,Payload_1,Tag_95,Tag_145,SMu1819.1,24380346,SMU.2003a,VIMSS296649,1029195,N,N,Y,N,0.101,5.42,8.43820729745854E-16,1.66972,False,False,False,False,False,False,False,False,False,False
2249,24,B,6,SMU_2004,BsaI,Payload_1,Tag_18,Tag_136,,,,,,N,N,Y,N,0.121,2.92,-2.63964200991672E-24,1.66972,False,False,False,False,False,False,False,False,False,False
2250,24,C,6,SMU_2005,BsaI,Payload_1,Tag_3,Tag_186,,,,,,N,N,N,Y,0.104,3.33639,3.29730648703964E-28,1.66972,False,False,False,False,False,False,False,False,False,False
2252,24,E,6,SMU_2006,BsaI,Payload_1,Tag_23,Tag_83,,,,,,N,N,N,Y,0.114,8.33639,-1.11422646873989E-23,1.66972,False,False,False,True,False,False,False,False,False,False
2253,24,F,6,SMU_2007,BsaI,Payload_1,Tag_78,Tag_116,,,,,,N,N,Y,N,0.107,16.67,-9.81048802650797E-20,1.66972,False,False,False,True,False,False,False,False,False,False
2255,24,H,6,SMU_2008,BsaI,Payload_1,Tag_46,Tag_132,,,,,,N,N,N,?,0.097,3.75306,-2.46478277491535E-17,1.66972,False,False,False,False,False,False,False,False,False,False
2256,24,A,7,SMU_2009,BsaI,Payload_1,Tag_20,Tag_89,,,,,,N,N,N,Y,0.103,2.08639,-6.43543900354912E-25,1.66972,False,False,False,False,False,False,False,False,False,False
2257,24,B,7,SMU_2010,BsaI,Payload_1,Tag_22,Tag_50,,,,,,N,N,Y,N,0.111,10.41972,-9.11616852339317E-25,1.66972,False,False,False,True,False,False,False,False,False,False
2258,24,C,7,SMU_2011,BsaI,Payload_1,Tag_125,Tag_153,,,,,,N,N,Y,N,0.125,2.08639,3.08842143379593E-25,1.66972,False,False,False,False,False,False,False,False,False,False
2259,24,D,7,intergenic_434,BsaI,Payload_2,Tag_82,Tag_188,,,,,,N,N,,,0.104,2.08639,4.79589289032237E-24,1.66972,False,False,False,False,False,False,False,False,False,False
2260,24,E,7,SMU_2012,BsaI,Payload_1,Tag_120,Tag_133,,,,,,N,N,Y,N,0.104,8.33639,6.01096670187746E-29,1.66972,False,False,False,True,False,False,False,False,False,False
2262,24,G,7,SMU_2014,BsaI,Payload_1,Tag_13,Tag_84,,,,,,N,N,N,Y,0.109,5.83667,-1.28835877795835E-29,1.66972,False,False,False,False,False,False,False,False,False,False
2263,24,H,7,SMU_2015,BsaI,Payload_1,Tag_39,Tag_84,,,,,,N,N,N,Y,0.103,9.58639,-3.44254583518382E-21,1.66972,False,False,False,True,False,False,False,False,False,False
2264,24,A,8,SMU_2016,BsaI,Payload_1,Tag_111,Tag_118,,,,,,N,N,N,Y,0.111,2.08639,-1.90726630692056E-21,1.66972,False,False,False,False,False,False,False,False,False,False
2265,24,B,8,SMU_2017,BsaI,Payload_1,Tag_1,Tag_81,,,,,,N,N,N,?,0.109,2.08639,-2.38916709992338E-17,1.66972,False,False,False,False,False,False,False,False,False,False
2266,24,C,8,SMU_2018,BsaI,Payload_1,Tag_48,Tag_188,,,,,,N,N,N,Y,0.112,2.08639,1.49923870702225E-27,1.66972,False,False,False,False,False,False,False,False,False,False
2267,24,D,8,SMU_2019,BsaI,Payload_1,Tag_34,Tag_147,,,,,,N,N,Y,N,0.109,2.08639,-8.38346248050943E-16,1.66972,False,False,False,False,False,False,False,False,False,False
2268,24,E,8,SMU_2020,BsaI,Payload_1,Tag_103,Tag_157,,,,,,N,N,N,Y,0.118,16.25333,1.47022852266332E-22,1.66972,False,False,False,True,False,False,False,False,False,False
2269,24,F,8,SMU_2021,BsaI,Payload_1,Tag_80,Tag_153,,,,,,N,N,N,Y,0.109,9.58639,4.87102794553066E-21,1.66972,False,False,False,True,False,False,False,False,False,False
2270,24,G,8,SMU_2022,BsaI,Payload_1,Tag_37,Tag_133,,,,,,N,N,N,?,0.11,5.83667,-6.20346438088633E-17,1.66972,False,False,False,False,False,False,False,False,False,False
2271,24,H,8,SMU_2023c,BsaI,Payload_1,Tag_164,Tag_168,SMu1838,347750437,SMU.2023c,VIMSS296668,1029214,N,N,N,?,0.107,5.83667,-1.04768663332271E-14,1.66972,False,False,False,False,False,False,False,False,False,False
2272,24,A,9,SMU_2167,BsaI,Payload_1,Tag_83,Tag_114,,,,,,N,N,,,0.109,7.91972,-1.23728264162794E-16,1.66972,False,False,False,True,False,False,False,False,False,False
2273,24,B,9,SMU_2166,BsaI,Payload_1,Tag_146,Tag_157,,,,,,N,N,,,0.119,11.66972,-7.9955621652532E-40,1.66972,False,False,False,True,False,False,False,False,False,False
2274,24,C,9,SMU_2024c,BsaI,Payload_1,Tag_37,Tag_78,SMu1839,24380366,SMU.2024c,VIMSS296669,1029186,N,N,N,?,0.238,24.16972,0.0588253071165037,23.74972,False,False,False,True,False,False,False,False,False,False
2275,24,D,9,SMU_2025,BsaI,Payload_1,Tag_128,Tag_154,,,,,,N,N,N,?,0.334,24.16972,0.0979778381901299,23.74972,False,False,True,True,False,False,False,False,False,False
2277,24,F,9,SMU_2026c,BsaI,Payload_1,Tag_40,Tag_64,SMu1841,24380368,SMU.2026c,VIMSS296671,1029215,N,N,N,Y,0.106,2.08639,1.96793336202033E-20,1.66972,False,False,False,False,False,False,False,False,False,False
2278,24,G,9,intergenic_437,BsaI,Payload_2,Tag_63,Tag_114,,,,,,N,N,,,0.112,5.83667,-6.23813328853627E-22,1.66972,False,False,False,False,False,False,False,False,False,False
2285,24,F,10,SMU_2031,BsaI,Payload_1,Tag_121,Tag_126,,,,,,N,N,N,Y,0.116,3.75306,1.12476817101072E-22,1.66972,False,False,False,False,False,False,False,False,False,False
2286,24,G,10,SMU_2032,BsaI,Payload_1,Tag_56,Tag_135,,,,,,N,N,N,?,0.114,5.83667,3.30652943566975E-17,1.66972,False,False,False,False,False,False,False,False,False,False
2288,24,A,11,intergenic_440,BsaI,Payload_2,Tag_168,Tag_183,,,,,,N,N,,,0.118,22.08639,-1.14254653114131E-14,1.66972,False,False,False,True,False,False,False,False,False,False
2336,25,A,5,SMU_2078c,BsaI,Payload_1,Tag_53,Tag_123,SMu1886,24380413,SMU.2078c,VIMSS296716,1029249,N,N,Y,N,0.11,19.16972,2.44076017821916E-15,1.67,False,False,False,True,False,False,False,False,False,False
2337,25,B,5,SMU_2079c,BsaI,Payload_1,Tag_10,Tag_101,SMu1887,24380414,SMU.2079c,VIMSS296717,1029258,N,?,Y,N,1.673,20.42,0.332756381932108,16.11,False,False,True,True,True,True,False,False,True,True
2344,25,A,6,SMU_2085,BsaI,Payload_1,Tag_67,Tag_175,,,,,,N,N,Y,N,0.098,19.16972,-1.28663472191051E-25,1.67,False,False,False,True,False,False,False,False,False,False
2347,25,D,6,SMU_2088,BsaI,Payload_1,Tag_61,Tag_148,,,,,,N,N,Y,N,0.124,6.25306,5.48457397462824E-19,1.67,False,False,False,False,False,False,False,False,False,False
2353,25,B,7,SMU_2093,BsaI,Payload_1,Tag_167,Tag_190,,,,,,N,N,N,?,1.721,19.58639,0.338730236811935,8.14,False,False,True,True,True,True,False,False,True,True
2357,25,F,7,SMU_2096c,BsaI,Payload_1,Tag_69,Tag_179,SMu1902,24380429,SMU.2096c,VIMSS296732,1029275,Y,N,Y,N,1.725,21.25333,0.295089177898339,8.38,True,False,True,True,True,True,False,True,True,True
2358,25,G,7,intergenic_456,BsaI,Payload_2,Tag_137,Tag_178,,,,,,N,N,,,0.757,24.17,0.292637706014525,23.75,False,False,True,True,True,False,False,False,False,False
2360,25,A,8,SMU_2098,BsaI,Payload_2,Tag_140,Tag_150,SMu1904,24380431,SMU.2098,VIMSS296734,1029273,N,Y,N,Y,0.107,8.75306,2.3866690622517E-24,1.67,False,True,False,True,False,False,False,False,False,False
2400,26,A,1,SMU_2135c,BsaI,Payload_1,Tag_126,Tag_151,SMu1937,24380465,SMU.2135c,VIMSS296768,1029300,N,N,N,?,0.092,3.75306,-1.70103121042631E-21,1.67,False,False,False,False,False,False,False,False,False,False
2401,26,B,1,SMU_2136c,BsaI,Payload_1,Tag_6,Tag_93,SMu1938,24380466,SMU.2136c,VIMSS296769,1029311,N,N,N,Y,0.097,14.17,8.20358579048437E-29,1.67,False,False,False,True,False,False,False,False,False,False
2403,26,D,1,SMU_2138,BbsI,Payload_3,Tag_13,Tag_126,,,,,,N,N,N,Y,0.101,18.33639,6.45164369282849E-23,1.67,False,False,False,True,False,False,False,False,False,False
2404,26,E,1,SMU_2139c,BbsI,Payload_3,Tag_62,Tag_110,SMu1941,24380469,SMU.2139c,VIMSS296772,1029314,N,N,Y,N,0.113,18.33639,1.09999519857623E-20,1.67,False,False,False,True,False,False,False,False,False,False
2408,26,A,2,SMU_2143c,BsaI,Payload_1,Tag_90,Tag_152,SMu1945,24380473,SMU.2143c,VIMSS296776,1029315,N,N,N,Y,0.097,10.83667,-1.42616091522114E-17,1.67,False,False,False,True,False,False,False,False,False,False
2413,26,F,2,SMU_2149c,BbsI,Payload_3,Tag_57,Tag_157,SMu1949,24380477,SMU.2149c,VIMSS296780,1029326,Y,N,N,?,0.699,24.16972,0.184185125781586,23.75,True,False,True,True,True,False,False,False,True,True
2414,26,G,2,SMU_2150c,BsaI,Payload_1,Tag_53,Tag_132,SMu1950,24380478,SMU.2150c,VIMSS296781,1029324,Y,N,N,?,0.194,24.16972,0.0662620266573503,23.75,True,False,False,True,False,False,False,False,False,False
2415,26,H,2,SMU_2151,BsaI,Payload_1,Tag_145,Tag_189,,,,,,N,N,N,Y,0.1,14.17,-6.79588285302316E-22,1.67,False,False,False,True,False,False,False,False,False,False
2421,26,F,3,SMU_2157,BsaI,Payload_1,Tag_22,Tag_99,,,,,,N,N,N,?,0.108,14.58639,2.38754344106816E-17,1.67,False,False,False,True,False,False,False,False,False,False
2422,26,G,3,SMU_2158c,BsmBI/Esp3I,Payload_5,Tag_103,Tag_142,SMu1958,24380486,SMU.2158c,VIMSS296789,1029333,N,N,N,?,0.106,14.17,3.82549742775966E-24,1.67,False,False,False,True,False,False,False,False,False,False
2427,26,D,4,intergenic_466,BbsI,Payload_4,Tag_101,Tag_175,,,,,,N,N,,,0.106,18.33639,-1.04992453500983E-16,1.67,False,False,False,True,False,False,False,False,False,False
