Plate_ID,Row,Col,New_ID,Golden_Gate_Enzyme,Payload_Name,PTag_1_ID,PTag_2_ID,Oralgen Gene ID,GI,Locus,VIMSS (MicrobesOnline #),GeneID,colony_growth,liquid_growth,quivey_successful,quivey_essential,RawMaxOD,TimeMaxOD,PredVMax,TimePredVMax,PassColony,PassLiquid,PassMaxOD,PassTimeMaxOD,PassVMax,PassTimeVMax,PassAll,Pass5,Pass4,Pass3,Index,IsRework
45,A,1,SMU_01,BsaI,Payload_2,Tag_58,Tag_82,SMu0001,24378533,SMU.01,VIMSS294836,1029426,N,N,N,?,0.19,24.00333,0.060064528035098874,23.83,false,false,false,true,false,false,false,false,false,false,1,true
45,B,1,SMU_05,BsaI,Payload_2,Tag_62,Tag_106,SMu0003,24378535,SMU.05,VIMSS294838,1029438,Y,N,N,Y,0.975,16.83667,0.2161639982514627,15.02,true,false,true,true,true,true,false,true,true,true,4,true
45,C,1,SMU_07,BsaI,Payload_2,Tag_88,Tag_177,SMu0005,24378537,SMU.07,VIMSS294840,1029439,N,N,N,?,1.063,23.83667,0.24904559779562274,19.93,false,false,true,true,true,true,false,false,true,true,6,true
45,D,1,SMU_10,BbsI,Payload_4,Tag_7,Tag_29,SMu0008,24378540,SMU.10,VIMSS294843,1029403,N,N,N,?,1.14,24.00333,0.23119207024228935,19.38,false,false,true,true,true,true,false,false,true,true,9,true
45,E,1,SMU_13,BsaI,Payload_2,Tag_115,Tag_150,SMu0011,24378543,SMU.13,VIMSS294846,1029348,N,N,N,Y,1.121,23.00333,0.24355442615629136,19.3,false,false,true,true,true,true,false,false,true,true,12,true
45,F,1,SMU_15,BsaI,Payload_2,Tag_40,Tag_117,SMu0013,24378545,SMU.15,VIMSS294848,1029422,N,N,N,?,1.333,24.00333,0.30741328833565135,13.79,false,false,true,true,true,true,false,false,true,true,14,true
45,G,1,SMU_18,BsaI,Payload_2,Tag_65,Tag_121,SMu0015,24378547,SMU.18,VIMSS294850,1029373,N,N,N,?,1.045,24.00333,0.21737980345772778,18.65,false,false,true,true,true,true,false,false,true,true,17,true
45,H,1,intergenic_3,BsaI,Payload_2,Tag_86,Tag_135,,,,,,N,N,,,1.055,21.17,0.21592011765186014,17.31,false,false,true,true,true,true,false,false,true,true,18,true
45,A,2,SMU_22,BsaI,Payload_2,Tag_26,Tag_156,SMu0018,24378550,SMU.22,VIMSS294853,1029610,N,N,N,?,1.224,24.00333,0.27060811007648194,14.36,false,false,true,true,true,true,false,false,true,true,21,true
45,B,2,SMU_23,BsaI,Payload_2,Tag_109,Tag_132,SMu0019,24378551,SMU.23,VIMSS294854,1029611,N,N,N,Y,1.047,22.50333,0.23279478180546095,19.06,false,false,true,true,true,true,false,false,true,true,22,true
45,C,2,SMU_70,BsaI,Payload_2,Tag_44,Tag_160,SMu0063,24378595,SMU.70,VIMSS294898,1029655,N,N,N,?,1.051,23.17,0.25581604795382556,20.58,false,false,true,true,true,false,false,false,false,false,78,true
45,D,2,SMU_80,BsaI,Payload_2,Tag_2,Tag_62,SMu0072,24378604,SMU.80,VIMSS294907,1029663,N,N,Y,N,1.087,24.00333,0.23555206432430786,20.53,false,false,true,true,true,false,false,false,false,false,90,true
45,E,2,SMU_81,BsaI,Payload_2,Tag_12,Tag_178,SMu0073,24378605,SMU.81,VIMSS294908,1029662,N,N,Y,N,0.977,21.50333,0.22310148840226668,19.37,false,false,true,true,true,true,false,false,true,true,91,true
45,F,2,intergenic_18,BsaI,Payload_2,Tag_23,Tag_131,,,,,,N,N,,,0.981,21.67,0.22903562415677792,19.59,false,false,true,true,true,true,false,false,true,true,92,true
45,G,2,intergenic_21,BsaI,Payload_2,Tag_11,Tag_30,,,,,,Y,Y,,,1.563,12.75306,0.3207084401243615,7.14306,true,true,true,true,true,true,true,true,true,true,102,false
45,H,2,SMU_96,BsaI,Payload_2,Tag_132,Tag_134,SMu0086,347750431,SMU.96,VIMSS294921,1029671,N,N,Y,N,1.365,23.25306,0.22614666892513924,15.00306,false,false,true,true,true,true,false,false,true,true,111,true
45,A,3,SMU_97,BsaI,Payload_2,Tag_14,Tag_175,SMu0087,24378619,SMU.97,VIMSS294922,1029678,N,N,Y,N,0.258,24.00306,0.08439227332291907,23.75306,false,false,true,true,false,false,false,false,false,false,112,true
45,B,3,SMU_99,BbsI,Payload_4,Tag_123,Tag_149,SMu0088,24378620,SMU.99,VIMSS294923,1029679,N,N,Y,N,0.104,5.50306,1.6499714235172706e-22,1.00306,false,false,false,false,false,false,false,false,false,false,114,true
45,C,3,intergenic_33,BbsI,Payload_4,Tag_8,Tag_32,,,,,,N,N,,,0.102,11.25306,1.9210446550516755e-29,1.00306,false,false,false,true,false,false,false,false,false,false,143,true
45,D,3,SMU_123,BsaI,Payload_2,Tag_80,Tag_104,SMu0110,24378642,SMU.123,VIMSS294945,1029702,Y,N,Y,N,0.137,24.00306,0.0007548236382613998,23.74306,true,false,false,true,false,false,false,false,false,false,144,true
45,E,3,SMU_127,BsaI,Payload_2,Tag_30,Tag_165,SMu0113,24378645,SMU.127,VIMSS294948,1029703,N,N,N,Y,0.188,24.00306,0.04264035347458939,23.75306,false,false,false,true,false,false,false,false,false,false,149,true
45,F,3,SMU_128,BsaI,Payload_2,Tag_49,Tag_98,SMu0114,24378646,SMU.128,VIMSS294949,1029701,N,N,Y,N,0.35,24.00306,0.152802686878573,23.75306,false,false,true,true,true,false,false,false,false,false,150,true
45,G,3,SMU_130,BsaI,Payload_2,Tag_144,Tag_172,SMu0116,24378648,SMU.130,VIMSS294951,1029705,N,N,Y,N,0.111,24.00306,1.5399948387597646e-15,1.00306,false,false,false,true,false,false,false,false,false,false,152,true
45,H,3,SMU_143c,BsaI,Payload_1,Tag_171,Tag_174,SMu0128,24378660,SMU.143c,VIMSS294963,1029717,N,N,N,Y,0.105,4.25306,7.220083980755169e-15,1.00306,false,false,false,false,false,false,false,false,false,false,166,true
45,A,4,intergenic_44,BsaI,Payload_2,Tag_136,Tag_175,,,,,,N,Y,,,0.1,3.25333,3.395253295371309e-16,1.00333,false,true,false,false,false,false,false,false,false,false,196,true
45,B,4,SMU_169,BbsI,Payload_4,Tag_65,Tag_151,SMu0152,24378684,SMU.169,VIMSS294987,1029741,N,Y,Y,N,0.101,18.75306,4.039868228811451e-33,1.00333,false,true,false,true,false,false,false,false,false,false,197,true
45,C,4,SMU_170,BsaI,Payload_2,Tag_79,Tag_98,SMu0153,24378685,SMU.170,VIMSS294988,1029746,N,Y,Y,N,0.101,9.50333,1.2516176968370965e-21,1.00333,false,true,false,true,false,false,false,false,false,false,198,true
45,D,4,SMU_181,BsaI,Payload_2,Tag_3,Tag_119,SMu0163,24378695,SMU.181,VIMSS294998,1029752,N,Y,N,?,0.103,3.00333,3.363436651103321e-20,1.00333,false,true,false,false,false,false,false,false,false,false,210,true
45,E,4,intergenic_48,BsaI,Payload_2,Tag_69,Tag_139,,,,,,N,Y,,,0.103,6.75333,9.226616612586911e-17,1.00333,false,true,false,false,false,false,false,false,false,false,220,true
45,F,4,SMU_218,BsaI,Payload_2,Tag_102,Tag_154,SMu0197,24378729,SMU.218,VIMSS295032,1027818,N,Y,N,?,0.101,16.75333,8.634496713296175e-25,1.00333,false,true,false,true,false,false,false,false,false,false,249,true
45,G,4,SMU_220c,BsaI,Payload_1,Tag_68,Tag_95,SMu0199,24378731,SMU.220c,VIMSS295034,1029393,Y,Y,Y,N,1.684,12.75333,0.31939581668651096,7.67333,true,true,true,true,true,true,true,true,true,true,252,false
45,H,4,intergenic_59,BsaI,Payload_2,Tag_57,Tag_61,,,,,,N,N,,,0.113,6.75333,1.2719860058833594e-19,1.00333,false,false,false,false,false,false,false,false,false,false,279,true
45,A,5,SMU_243,BsaI,Payload_2,Tag_31,Tag_115,SMu0220,24378752,SMU.243,VIMSS295055,1029470,Y,N,Y,N,1.026,24.00333,0.21910990212273646,22.65333,true,false,true,true,true,false,false,false,true,true,280,true
45,B,5,SMU_244,BsaI,Payload_2,Tag_43,Tag_166,SMu0221,24378753,SMU.244,VIMSS295056,1027840,N,N,Y,N,0.171,24.00333,0.02523371291574998,23.75333,false,false,false,true,false,false,false,false,false,false,281,true
45,C,5,SMU_245,BsaI,Payload_2,Tag_34,Tag_39,SMu0222,24378754,SMU.245,VIMSS295057,1027843,Y,N,Y,N,1.813,21.50306,0.30720240942093735,15.38333,true,false,true,true,true,true,false,true,true,true,282,true
45,D,5,SMU_246,BsaI,Payload_2,Tag_78,Tag_111,SMu0223,24378755,SMU.246,VIMSS295058,1027812,Y,N,Y,N,0.104,2.25333,3.716673949132775e-15,1.00333,true,false,false,false,false,false,false,false,false,false,283,true
45,E,5,SMU_291,BsaI,Payload_2,Tag_15,Tag_55,SMu0262,24378794,SMU.291,VIMSS295097,1029437,N,N,N,Y,0.103,6.75333,2.2195214484446685e-14,1.00333,false,false,false,false,false,false,false,false,false,false,338,true
45,F,5,SMU_297,BsaI,Payload_2,Tag_59,Tag_83,SMu0268,24378800,SMU.297,VIMSS295103,1029369,N,N,N,Y,0.1,10.75333,2.326244076136737e-21,1.00333,false,false,false,true,false,false,false,false,false,false,345,true
45,G,5,intergenic_79,BsaI,Payload_2,Tag_1,Tag_11,,,,,,N,N,,,0.111,3.50333,3.6841778509783093e-28,1.00333,false,false,false,false,false,false,false,false,false,false,356,true
45,H,5,SMU_307,BsaI,Payload_2,Tag_47,Tag_155,SMu0277,24378809,SMU.307,VIMSS295112,1029442,N,N,N,Y,0.126,3.50333,1.5245837753610463e-18,1.00333,false,false,false,false,false,false,false,false,false,false,357,true
45,A,6,intergenic_81,BsaI,Payload_2,Tag_6,Tag_132,,,,,,N,N,,,0.13,15.25333,2.7279716361177534e-20,1.00333,false,false,false,true,false,false,false,false,false,false,366,true
45,B,6,SMU_317,BsaI,Payload_2,Tag_63,Tag_159,SMu0285,24378817,SMU.317,VIMSS295120,1027882,N,N,Y,N,0.115,6.50333,1.132189101630666e-21,1.00333,false,false,false,false,false,false,false,false,false,false,367,true
45,C,6,SMU_322c,BsaI,Payload_1,Tag_32,Tag_183,SMu0289,24378821,SMU.322c,VIMSS295124,1029376,Y,N,Y,N,1.61,23.50306,0.2876548967908481,18.15333,true,false,true,true,true,true,false,true,true,true,373,true
45,D,6,SMU_323,BsaI,Payload_1,Tag_18,Tag_183,,,,,,N,N,N,Y,0.12,3.50333,3.764846515962624e-14,1.00333,false,false,false,false,false,false,false,false,false,false,374,true
45,E,6,SMU_336,BbsI,Payload_4,Tag_37,Tag_178,SMu0302,24378834,SMU.336,VIMSS295137,1027891,N,N,N,?,0.097,15.25306,2.1430981118623872e-16,1.00306,false,false,false,true,false,false,false,false,false,false,389,true
45,F,6,SMU_340,BsaI,Payload_2,Tag_24,Tag_93,SMu0306,24378838,SMU.340,VIMSS295141,1027896,N,N,N,Y,0.1,2.75306,4.850420820392537e-16,1.00306,false,false,false,false,false,false,false,false,false,false,394,true
45,G,6,SMU_352,BsaI,Payload_2,Tag_107,Tag_137,SMu0317,24378849,SMU.352,VIMSS295152,1029440,N,N,Y,N,0.107,22.75306,8.43218816093079e-22,1.00306,false,false,false,true,false,false,false,false,false,false,406,true
45,H,6,SMU_353,BsaI,Payload_2,Tag_62,Tag_167,SMu0318,24378850,SMU.353,VIMSS295153,1029049,N,N,Y,N,0.103,13.50306,9.060438615254677e-17,1.00306,false,false,false,true,false,false,false,false,false,false,407,true
45,A,7,intergenic_89,BsaI,Payload_2,Tag_65,Tag_183,,,,,,N,N,,,1.461,22.75306,0.31854531256761387,18.06306,false,false,true,true,true,true,false,false,true,true,411,true
45,B,7,SMU_357,PaqCI,Payload_8,Tag_27,Tag_95,SMu0322,24378854,SMU.357,VIMSS295157,1027907,N,N,N,Y,0.098,2.75306,1.6555972279410219e-21,1.00306,false,false,false,false,false,false,false,false,false,false,412,true
45,C,7,SMU_358,BsaI,Payload_2,Tag_26,Tag_189,SMu0323,24378855,SMU.358,VIMSS295158,1029529,N,N,Y,N,1.545,23.00306,0.34311224147752695,18.19306,false,false,true,true,true,true,false,false,true,true,413,true
45,D,7,SMU_359,BsaI,Payload_2,Tag_89,Tag_122,SMu0324,24378856,SMU.359,VIMSS295159,1027906,N,N,N,?,0.102,2.75306,2.356588741332198e-21,1.00306,false,false,false,false,false,false,false,false,false,false,414,true
45,E,7,intergenic_90,BsaI,Payload_2,Tag_56,Tag_117,,,,,,N,N,,,0.11,3.50333,7.144140588447037e-14,1.00306,false,false,false,false,false,false,false,false,false,false,415,true
45,F,7,SMU_360,BsaI,Payload_2,Tag_112,Tag_129,SMu0325,24378857,SMU.360,VIMSS295160,1027909,N,N,N,Y,0.095,3.50333,4.444633066528302e-16,1.00306,false,false,false,false,false,false,false,false,false,false,416,true
45,G,7,SMU_361,BsaI,Payload_2,Tag_6,Tag_86,SMu0326,24378858,SMU.361,VIMSS295161,1029506,N,N,N,?,0.1,7.75306,6.075602948849848e-14,1.00306,false,false,false,true,false,false,false,false,false,false,418,true
45,H,7,SMU_363,BsaI,Payload_2,Tag_171,Tag_191,SMu0328,24378860,SMU.363,VIMSS295163,1027911,N,Y,Y,N,1.422,13.00306,0.4023122448413401,7.39306,false,true,true,true,true,true,false,true,true,true,421,true
45,A,8,SMU_364,BsaI,Payload_2,Tag_166,Tag_192,SMu0329,24378861,SMU.364,VIMSS295164,1029365,N,N,N,?,1.37,24.00306,0.34874606804772723,22.39306,false,false,true,true,true,false,false,false,false,false,422,true
45,B,8,SMU_368c,BsaI,Payload_1,Tag_61,Tag_183,SMu0333,24378865,SMU.368c,VIMSS295168,1029401,N,N,Y,N,0.104,1.50306,1.8473201583210415e-15,1.00306,false,false,false,false,false,false,false,false,false,false,426,true
45,C,8,SMU_369c,BsaI,Payload_1,Tag_32,Tag_34,SMu0334,24378866,SMU.369c,VIMSS295169,1027914,N,N,Y,N,1.172,24.00306,0.21304915610252473,19.72306,false,false,true,true,true,true,false,false,true,true,427,true
45,D,8,SMU_417,BsaI,Payload_2,Tag_167,Tag_177,SMu0378,24378910,SMU.417,VIMSS295213,1027942,N,Y,Y,N,1.52,16.50306,0.1871521890122152,11.43306,false,true,true,true,true,true,false,true,true,true,479,true
45,E,8,SMU_418,BsaI,Payload_2,Tag_42,Tag_55,SMu0379,24378911,SMU.418,VIMSS295214,1029573,N,N,N,?,0.084,3.00333,-8.560910062987271e-21,1.00306,false,false,false,false,false,false,false,false,false,false,480,true
45,F,8,SMU_419,BsaI,Payload_2,Tag_4,Tag_115,SMu0380,24378912,SMU.419,VIMSS295215,1027940,N,N,N,Y,0.086,7.50333,0.0,1.00333,false,false,false,true,false,false,false,false,false,false,481,true
45,G,8,SMU_420,BsaI,Payload_2,Tag_179,Tag_185,SMu0381,24378913,SMU.420,VIMSS295216,1027943,N,?,Y,N,1.613,23.25333,0.3398983427552107,18.46333,false,false,true,true,true,true,false,false,true,true,482,true
45,H,8,SMU_421,BsaI,Payload_2,Tag_5,Tag_115,SMu0382,24378914,SMU.421,VIMSS295217,1029572,N,N,N,Y,0.098,22.50361,8.007743778042351e-22,1.00333,false,false,false,true,false,false,false,false,false,false,483,true
45,A,9,SMU_424,BsaI,Payload_2,Tag_111,Tag_141,SMu0385,24378917,SMU.424,VIMSS295220,1029575,?,Y,N,Y,1.798,12.75333,0.3330667339437807,8.98333,false,true,true,true,true,true,false,true,true,true,489,true
45,B,9,SMU_428,BbsI,Payload_4,Tag_140,Tag_145,SMu0388,24378920,SMU.428,VIMSS295223,1029578,Y,Y,Y,N,1.777,11.00333,0.3391190128399255,6.72333,true,true,true,true,true,true,true,true,true,true,493,false
45,C,9,SMU_441,BsaI,Payload_2,Tag_27,Tag_182,SMu0400,24378931,SMU.441,VIMSS295234,1027951,N,N,Y,N,0.105,11.00333,3.0377694733230304e-28,1.00333,false,false,false,true,false,false,false,false,false,false,508,true
45,D,9,SMU_444,BsaI,Payload_2,Tag_79,Tag_102,SMu0402,24378933,SMU.444,VIMSS295236,1029581,?,Y,Y,N,1.778,11.50333,0.33683991208700115,7.61333,false,true,true,true,true,true,false,true,true,true,510,true
45,E,9,SMU_445,PaqCI,Payload_8,Tag_87,Tag_134,SMu0403,24378934,SMU.445,VIMSS295237,1027904,?,N,Y,N,0.105,3.00333,1.637672179498195e-12,1.00333,false,false,false,false,false,false,false,false,false,false,511,true
45,F,9,SMU_446,BsmBI/Esp3I,Payload_6,Tag_24,Tag_95,SMu0404,24378935,SMU.446,VIMSS295238,1027957,?,Y,N,Y,1.544,12.50333,0.32508867282638976,7.25333,false,true,true,true,true,true,false,true,true,true,512,true
45,G,9,SMU_454,BsaI,Payload_2,Tag_111,Tag_117,SMu0411,24378942,SMU.454,VIMSS295245,1029345,N,N,N,Y,0.096,4.50333,1.640713895992443e-17,1.00333,false,false,false,false,false,false,false,false,false,false,520,true
45,H,9,SMU_455,BsaI,Payload_2,Tag_43,Tag_80,SMu0412,24378943,SMU.455,VIMSS295246,1028367,N,N,Y,N,0.095,7.75333,6.898760389682114e-15,1.00333,false,false,false,true,false,false,false,false,false,false,521,true
45,A,10,SMU_456,BsaI,Payload_2,Tag_80,Tag_177,SMu0413,24378944,SMU.456,VIMSS295247,1027963,N,N,N,Y,0.102,6.75333,1.1366246537244805e-19,1.00333,false,false,false,false,false,false,false,false,false,false,522,true
45,B,10,SMU_464,BsaI,Payload_2,Tag_13,Tag_143,SMu0421,24378952,SMU.464,VIMSS295255,1029339,N,N,N,Y,0.102,5.25333,5.2524e-320,1.00333,false,false,false,false,false,false,false,false,false,false,532,true
45,C,10,SMU_465,BsaI,Payload_2,Tag_120,Tag_146,SMu0422,24378953,SMU.465,VIMSS295256,1027968,N,N,N,Y,0.104,2.50333,1.5307787297374383e-21,1.00333,false,false,false,false,false,false,false,false,false,false,533,true
45,D,10,SMU_467,BbsI,Payload_3,Tag_158,Tag_162,,,,,,N,N,N,?,0.105,4.25333,4.159875720827821e-23,1.00333,false,false,false,false,false,false,false,false,false,false,535,true
45,E,10,SMU_469,BsaI,Payload_1,Tag_54,Tag_164,,,,,,N,N,N,?,0.096,5.75333,1.3052293281309403e-17,1.00333,false,false,false,false,false,false,false,false,false,false,536,true
45,F,10,SMU_471,BsaI,Payload_2,Tag_38,Tag_47,SMu0427,24378958,SMU.471,VIMSS295261,1027965,N,N,N,Y,0.106,5.25333,3.626754679087913e-14,1.00333,false,false,false,false,false,false,false,false,false,false,538,true
45,G,10,intergenic_110,BsaI,Payload_2,Tag_71,Tag_153,,,,,,N,N,,,0.108,5.25333,9.540137644563689e-22,1.00333,false,false,false,false,false,false,false,false,false,false,539,true
45,H,10,SMU_474,BsaI,Payload_1,Tag_117,Tag_170,,,,,,Y,Y,N,?,1.836,14.25333,0.33424359508219925,10.20333,true,true,true,true,true,true,true,true,true,true,542,false
45,A,11,intergenic_111,BsaI,Payload_2,Tag_17,Tag_158,,,,,,N,N,,,0.095,4.25333,3.2103938221289363e-18,1.00333,false,false,false,false,false,false,false,false,false,false,544,true
45,B,11,SMU_478,BsaI,Payload_2,Tag_70,Tag_149,SMu0432,24378963,SMU.478,VIMSS295266,1029597,N,N,N,?,0.098,2.75333,4.318861032497456e-22,1.00333,false,false,false,false,false,false,false,false,false,false,545,true
45,C,11,SMU_481,BsaI,Payload_2,Tag_80,Tag_141,SMu0435,24378966,SMU.481,VIMSS295269,1029600,N,N,N,Y,0.109,3.25333,5.0521517215535256e-27,1.00333,false,false,false,false,false,false,false,false,false,false,548,true
45,D,11,SMU_504,BsaI,Payload_2,Tag_17,Tag_56,SMu0457,24378988,SMU.504,VIMSS295291,1027994,N,N,N,?,0.101,18.75333,2.2287650035145672e-17,1.00333,false,false,false,true,false,false,false,false,false,false,574,true
45,E,11,SMU_516,BsaI,Payload_2,Tag_134,Tag_136,SMu0468,24378999,SMU.516,VIMSS295302,1029343,N,N,N,Y,0.106,6.75333,1.1648917822228446e-19,1.00333,false,false,false,false,false,false,false,false,false,false,589,true
45,F,11,SMU_517,BsaI,Payload_2,Tag_38,Tag_153,SMu0469,24379000,SMU.517,VIMSS295303,1027832,N,N,Y,N,0.108,6.75333,1.1501394459500744e-15,1.00333,false,false,false,false,false,false,false,false,false,false,590,true
45,G,11,SMU_540,BsaI,Payload_2,Tag_73,Tag_135,SMu0491,24379022,SMU.540,VIMSS295325,1028018,N,N,Y,N,0.109,4.00333,1.077047278841392e-13,1.00333,false,false,false,false,false,false,false,false,false,false,615,true
45,H,11,intergenic_123,BsaI,Payload_2,Tag_111,Tag_159,,,,,,N,N,,,0.105,6.25333,4.036330470533413e-24,1.00333,false,false,false,false,false,false,false,false,false,false,616,true
45,A,12,SMU_548,BbsI,Payload_4,Tag_9,Tag_105,SMu0498,24379029,SMU.548,VIMSS295332,1029595,N,N,Y,N,0.108,4.00333,2.229168966395231e-24,1.00333,false,false,false,false,false,false,false,false,false,false,623,true
45,B,12,SMU_551,BsaI,Payload_2,Tag_18,Tag_76,SMu0501,24379032,SMU.551,VIMSS295335,1029599,N,N,Y,N,0.105,4.50333,4.503107215260076e-18,1.00333,false,false,false,false,false,false,false,false,false,false,626,true
45,C,12,SMU_552,BsaI,Payload_2,Tag_61,Tag_120,SMu0502,24379033,SMU.552,VIMSS295336,1028023,N,N,Y,N,0.11,5.25333,2.963390109093824e-21,1.00333,false,false,false,false,false,false,false,false,false,false,627,true
45,D,12,SMU_558,BsmBI/Esp3I,Payload_6,Tag_93,Tag_180,SMu0508,24379039,SMU.558,VIMSS295342,1028027,N,N,N,?,0.109,5.50333,2.746477679302835e-20,1.00333,false,false,false,false,false,false,false,false,false,false,634,true
45,E,12,SMU_565c,BbsI,Payload_3,Tag_1,Tag_56,SMu0514,24379045,SMU.565c,VIMSS295348,1028030,N,N,N,?,0.108,3.25333,2.3847087412058407e-19,1.00333,false,false,false,false,false,false,false,false,false,false,642,true
45,F,12,SMU_584,BsaI,Payload_2,Tag_85,Tag_150,SMu0531,24379062,SMU.584,VIMSS295365,1029389,N,N,N,?,0.117,19.50333,1.1434620588232427e-21,1.00333,false,false,false,true,false,false,false,false,false,false,662,true
45,G,12,SMU_589,BsaI,Payload_2,Tag_135,Tag_152,SMu0536,24379067,SMU.589,VIMSS295370,1028043,N,N,N,?,0.106,16.25333,2.100866493336898e-16,1.00333,false,false,false,true,false,false,false,false,false,false,668,true
45,H,12,intergenic_132,BsaI,Payload_2,Tag_52,Tag_98,,,,,,N,N,,,0.109,5.25306,3.4235884448645957e-18,1.00333,false,false,false,false,false,false,false,false,false,false,676,true
46,A,1,SMU_596,BsaI,Payload_2,Tag_96,Tag_105,SMu0543,24379074,SMU.596,VIMSS295377,1029590,N,N,N,?,0.103,5.25306,1.359914847471726e-21,1.00333,false,false,false,false,false,false,false,false,false,false,677,true
46,B,1,SMU_598,BsaI,Payload_2,Tag_29,Tag_181,SMu0545,24379076,SMU.598,VIMSS295379,1028050,N,N,Y,N,0.085,1.00333,-3.5679810158451674e-24,1.00333,false,false,false,false,false,false,false,false,false,false,680,true
46,C,1,intergenic_134,BsaI,Payload_2,Tag_15,Tag_122,,,,,,N,N,,,0.098,5.25306,-1.2815574324744026e-19,1.00333,false,false,false,false,false,false,false,false,false,false,681,true
46,D,1,SMU_599,BsaI,Payload_2,Tag_41,Tag_136,SMu0546,24379077,SMU.599,VIMSS295380,1029384,N,N,N,?,0.103,1.25306,4.869969846515487e-20,1.00333,false,false,false,false,false,false,false,false,false,false,682,true
46,E,1,SMU_603,BsaI,Payload_2,Tag_107,Tag_124,SMu0549,24379080,SMU.603,VIMSS295383,1028382,N,N,N,?,0.105,3.25306,1.5626536680869439e-16,1.00333,false,false,false,false,false,false,false,false,false,false,686,true
46,F,1,SMU_610,BsaI,Payload_2,Tag_47,Tag_79,SMu0556,24379087,SMU.610,VIMSS295390,1028055,N,Y,Y,N,1.541,11.75306,0.36574083964007165,6.86333,false,true,true,true,true,true,false,true,true,true,695,true
46,G,1,SMU_628,BsaI,Payload_2,Tag_26,Tag_73,SMu0570,24379101,SMU.628,VIMSS295404,1029584,N,N,N,Y,0.101,4.75333,1.292223945204145e-17,1.00333,false,false,false,false,false,false,false,false,false,false,714,true
46,H,1,SMU_629,BbsI,Payload_4,Tag_41,Tag_111,SMu0571,24379102,SMU.629,VIMSS295405,1029605,N,N,Y,N,1.209,21.00333,0.3157135264806652,18.53333,false,false,true,true,true,true,false,false,true,true,715,true
46,A,2,SMU_643,BsaI,Payload_2,Tag_25,Tag_122,SMu0585,24379116,SMU.643,VIMSS295419,1029514,Y,Y,N,?,1.287,12.75306,0.3245538029947803,7.04333,true,true,true,true,true,true,true,true,true,true,732,false
46,B,2,intergenic_149,BsaI,Payload_2,Tag_18,Tag_48,,,,,,N,N,,,0.107,5.50333,1.0388735820721782e-24,1.00333,false,false,false,false,false,false,false,false,false,false,742,true
46,C,2,SMU_650,BsaI,Payload_2,Tag_83,Tag_145,SMu0592,24379123,SMU.650,VIMSS295426,1029360,N,N,N,?,0.106,5.50333,2.145840773147886e-14,1.00333,false,false,false,false,false,false,false,false,false,false,743,true
46,D,2,SMU_655,BsaI,Payload_2,Tag_35,Tag_84,SMu0597,24379128,SMU.655,VIMSS295431,1029533,Y,Y,N,?,1.599,13.25333,0.3206791974257378,7.62333,true,true,true,true,true,true,true,true,true,true,750,false
46,E,2,SMU_667,BbsI,Payload_3,Tag_133,Tag_157,,,,,,N,N,N,Y,0.102,7.00306,2.910803262860594e-16,1.00333,false,false,false,true,false,false,false,false,false,false,764,true
46,F,2,SMU_668c,BsaI,Payload_1,Tag_48,Tag_102,SMu0610,24379141,SMU.668c,VIMSS295444,1029366,N,N,N,?,0.105,5.25306,4.153736134332706e-15,1.00333,false,false,false,false,false,false,false,false,false,false,766,true
46,G,2,SMU_669c,BsaI,Payload_1,Tag_41,Tag_95,SMu0611,24379142,SMU.669c,VIMSS295445,1028087,N,N,N,?,0.106,5.75333,4.3070777538084884e-17,1.00333,false,false,false,false,false,false,false,false,false,false,767,true
46,H,2,SMU_674,BsaI,Payload_2,Tag_101,Tag_120,SMu0616,24379147,SMU.674,VIMSS295450,1029475,N,N,N,?,0.101,19.25528,1.0626089773402733e-15,1.00333,false,false,false,true,false,false,false,false,false,false,774,true
46,A,3,SMU_675,BsaI,Payload_2,Tag_40,Tag_124,SMu0617,24379148,SMU.675,VIMSS295451,1028092,N,N,N,Y,0.103,23.50306,2.421202595750731e-21,1.00333,false,false,false,true,false,false,false,false,false,false,775,true
46,B,3,intergenic_157,BsaI,Payload_2,Tag_128,Tag_167,,,,,,N,?,,,1.678,11.00333,0.3548004619867733,6.27333,false,false,true,true,true,true,false,false,true,true,776,true
46,C,3,SMU_676,BsaI,Payload_2,Tag_86,Tag_187,SMu0618,24379149,SMU.676,VIMSS295452,1028095,N,N,N,?,0.097,2.75333,2.5585798135484082e-20,1.00333,false,false,false,false,false,false,false,false,false,false,777,true
46,D,3,SMU_697,BsaI,Payload_2,Tag_14,Tag_125,SMu0637,24379168,SMU.697,VIMSS295471,1027826,N,N,Y,N,0.108,16.00306,4.4286758174794284e-18,1.00333,false,false,false,true,false,false,false,false,false,false,801,true
46,E,3,SMU_698,BsaI,Payload_2,Tag_35,Tag_115,SMu0638,24379169,SMU.698,VIMSS295472,1028110,N,N,Y,N,0.111,2.75333,7.15092279642545e-74,1.00333,false,false,false,false,false,false,false,false,false,false,802,true
46,F,3,SMU_699,BsaI,Payload_2,Tag_23,Tag_132,SMu0639,24379170,SMU.699,VIMSS295473,1028113,N,N,N,Y,0.109,2.25306,1.1667268935583051e-20,1.00333,false,false,false,false,false,false,false,false,false,false,803,true
46,G,3,intergenic_163,BsaI,Payload_2,Tag_14,Tag_130,,,,,,N,N,,,0.128,8.00306,2.517986172147772e-16,1.18333,false,false,false,true,false,false,false,false,false,false,804,true
46,H,3,SMU_706c,BsaI,Payload_1,Tag_101,Tag_172,SMu0645,24379176,SMU.706c,VIMSS295479,1028115,N,Y,Y,N,1.533,15.25306,0.27583931839987774,9.53333,false,true,true,true,true,true,false,true,true,true,810,true
46,A,4,SMU_712,BsaI,Payload_2,Tag_20,Tag_186,SMu0649,24379180,SMU.712,VIMSS295483,1027829,N,N,Y,N,0.106,4.00306,3.1243972290283925e-21,1.00333,false,false,false,false,false,false,false,false,false,false,815,true
46,B,4,intergenic_165,BsaI,Payload_2,Tag_64,Tag_160,,,,,,N,?,,,1.076,24.00333,0.24285496717360788,6.53333,false,false,true,true,true,true,false,false,true,true,816,true
46,C,4,SMU_713,BsaI,Payload_2,Tag_53,Tag_122,SMu0650,24379181,SMU.713,VIMSS295484,1028117,N,N,N,Y,0.105,2.00333,2.1200653499620218e-17,1.00333,false,false,false,false,false,false,false,false,false,false,817,true
46,D,4,intergenic_166,BsaI,Payload_2,Tag_21,Tag_120,,,,,,N,N,,,0.105,1.75333,2.028173835249015e-29,1.00333,false,false,false,false,false,false,false,false,false,false,818,true
46,E,4,SMU_714,BsaI,Payload_2,Tag_85,Tag_180,SMu0651,24379182,SMU.714,VIMSS295485,1028120,N,N,N,Y,0.11,2.75333,1.019326793670913e-16,1.00333,false,false,false,false,false,false,false,false,false,false,819,true
46,F,4,intergenic_167,BsaI,Payload_2,Tag_75,Tag_114,,,,,,N,N,,,0.116,2.50306,2.5299042824793034e-15,1.00333,false,false,false,false,false,false,false,false,false,false,820,true
46,G,4,SMU_715,BsaI,Payload_2,Tag_73,Tag_156,SMu0652,24379183,SMU.715,VIMSS295486,1028119,N,N,N,?,0.149,16.00306,0.013442474831731688,1.00333,false,false,false,true,false,false,false,false,false,false,821,true
46,H,4,intergenic_168,BsaI,Payload_2,Tag_132,Tag_161,,,,,,N,N,,,1.44,13.75306,0.3066873142418956,7.95333,false,false,true,true,true,true,false,false,true,true,822,true
46,A,5,SMU_716,BsaI,Payload_1,Tag_139,Tag_160,,,,,,N,N,N,Y,0.111,4.00306,2.9852783260114922e-21,1.00333,false,false,false,false,false,false,false,false,false,false,823,true
46,B,5,SMU_717,BsaI,Payload_1,Tag_93,Tag_136,,,,,,N,N,N,Y,0.099,11.25306,1.2803453088720099e-20,1.00333,false,false,false,true,false,false,false,false,false,false,824,true
46,C,5,SMU_718c,BsaI,Payload_1,Tag_100,Tag_179,SMu0655,24379186,SMU.718c,VIMSS295489,1029562,N,N,N,?,0.112,5.50333,7.662280048912726e-18,1.00333,false,false,false,false,false,false,false,false,false,false,825,true
46,D,5,SMU_723,BsaI,Payload_2,Tag_3,Tag_96,SMu0660,24379191,SMU.723,VIMSS295494,1028127,N,N,Y,N,0.111,13.25333,4.8209214638528404e-23,1.00333,false,false,false,true,false,false,false,false,false,false,831,true
46,E,5,intergenic_173,BsaI,Payload_2,Tag_104,Tag_146,,,,,,Y,Y,,,1.731,12.50333,0.3431265181238301,7.73333,true,true,true,true,true,true,true,true,true,true,845,false
46,F,5,SMU_746c,BsaI,Payload_1,Tag_64,Tag_110,SMu0678,24379209,SMU.746c,VIMSS295512,1029531,Y,Y,N,Y,1.065,24.00333,0.12482574627927526,21.79333,true,true,true,true,true,false,false,true,true,true,854,true
46,G,5,SMU_747c,BsaI,Payload_1,Tag_36,Tag_147,SMu0679,24379210,SMU.747c,VIMSS295513,1029471,Y,Y,Y,N,0.577,24.00333,0.06746796256027346,23.08333,true,true,true,true,false,false,false,false,true,true,855,true
46,H,5,SMU_754,BsaI,Payload_2,Tag_104,Tag_179,SMu0685,24379216,SMU.754,VIMSS295519,1028140,N,N,Y,N,0.104,2.25306,4.427938156632409e-21,1.00333,false,false,false,false,false,false,false,false,false,false,863,true
46,A,6,SMU_773c,BsaI,Payload_1,Tag_149,Tag_150,SMu0701,24379232,SMU.773c,VIMSS295535,1028164,N,N,Y,N,0.703,24.00333,0.3025890179876001,23.75333,false,false,true,true,true,false,false,false,false,false,884,true
46,B,6,SMU_776,BsaI,Payload_2,Tag_75,Tag_183,SMu0704,24379235,SMU.776,VIMSS295538,1028166,N,?,N,?,0.423,24.00333,0.16098657079231682,23.75333,false,false,true,true,true,false,false,false,false,false,889,true
46,C,6,SMU_777,BsaI,Payload_2,Tag_58,Tag_114,SMu0705,24379236,SMU.777,VIMSS295539,1028165,N,N,Y,N,0.179,18.25333,0.008138927136133373,1.00333,false,false,false,true,false,false,false,false,false,false,890,true
46,D,6,SMU_778,BsaI,Payload_2,Tag_21,Tag_135,SMu0706,24379237,SMU.778,VIMSS295540,1028162,N,N,Y,N,0.105,4.25361,9.837091388693628e-15,1.00333,false,false,false,false,false,false,false,false,false,false,891,true
46,E,6,SMU_779,BsaI,Payload_2,Tag_32,Tag_134,SMu0707,24379238,SMU.779,VIMSS295541,1028167,N,N,N,Y,0.107,4.00333,1.8265930188154436e-19,1.00333,false,false,false,false,false,false,false,false,false,false,892,true
46,F,6,SMU_780,BbsI,Payload_4,Tag_141,Tag_168,SMu0708,24379239,SMU.780,VIMSS295542,1028053,N,N,Y,N,0.284,20.00333,0.012712504092299601,1.00333,false,false,true,true,false,false,false,false,false,false,893,true
46,G,6,SMU_781,BbsI,Payload_4,Tag_7,Tag_40,SMu0709,24379240,SMU.781,VIMSS295543,1028052,N,N,N,Y,0.107,4.00333,7.451756388011107e-29,1.00333,false,false,false,false,false,false,false,false,false,false,894,true
46,H,6,SMU_784,BsaI,Payload_2,Tag_17,Tag_78,SMu0711,24379242,SMU.784,VIMSS295545,1028169,N,N,N,Y,0.167,24.00333,0.02440742384511481,23.75333,false,false,false,true,false,false,false,false,false,false,896,true
46,A,7,SMU_785,BsaI,Payload_2,Tag_63,Tag_108,SMu0712,24379243,SMU.785,VIMSS295546,1028168,N,N,Y,N,0.099,3.25361,3.8548467935769496e-21,1.00333,false,false,false,false,false,false,false,false,false,false,897,true
46,B,7,SMU_800,BsaI,Payload_2,Tag_25,Tag_37,SMu0726,24379257,SMU.800,VIMSS295560,1028185,N,N,N,Y,0.366,15.00361,0.01287672949250398,1.00333,false,false,true,true,false,false,false,false,false,false,915,true
46,C,7,SMU_801,BsaI,Payload_2,Tag_171,Tag_182,SMu0727,347750432,SMU.801,VIMSS295561,1028184,N,N,N,Y,0.108,4.25361,1.4190565566782106e-19,1.00333,false,false,false,false,false,false,false,false,false,false,916,true
46,D,7,SMU_805c,BsaI,Payload_1,Tag_26,Tag_186,SMu0731,24379262,SMU.805c,VIMSS295565,1028191,Y,Y,Y,N,1.036,24.00333,0.08884513335074251,12.72333,true,true,true,true,false,true,false,true,true,true,923,true
46,E,7,SMU_806c,BsaI,Payload_1,Tag_14,Tag_186,SMu0732,24379263,SMU.806c,VIMSS295566,1028188,Y,Y,Y,N,1.054,23.75361,0.08454152996480424,12.21333,true,true,true,true,false,true,false,true,true,true,924,true
46,F,7,intergenic_193,BsaI,Payload_2,Tag_69,Tag_76,,,,,,N,N,,,0.101,13.25333,3.643042505574736e-17,1.00333,false,false,false,true,false,false,false,false,false,false,936,true
46,G,7,SMU_818,BsaI,Payload_2,Tag_158,Tag_185,SMu0742,24379273,SMU.818,VIMSS295576,1028190,N,N,N,?,0.102,5.00361,5.0826549726306665e-19,1.00333,false,false,false,false,false,false,false,false,false,false,937,true
46,H,7,SMU_821,BsaI,Payload_2,Tag_38,Tag_71,SMu0745,24379276,SMU.821,VIMSS295579,1029488,N,N,N,Y,0.115,17.25361,6.516897814778231e-18,1.00333,false,false,false,true,false,false,false,false,false,false,940,true
46,A,8,SMU_822,BsaI,Payload_2,Tag_50,Tag_129,SMu0746,24379277,SMU.822,VIMSS295580,1028204,N,N,N,?,0.112,4.75361,1.3934430568258997e-15,1.00333,false,false,false,false,false,false,false,false,false,false,941,true
46,B,8,SMU_824,BsaI,Payload_2,Tag_35,Tag_162,SMu0748,24379279,SMU.824,VIMSS295582,1028200,N,N,N,?,0.105,17.25361,9.020798647311561e-18,1.00333,false,false,false,true,false,false,false,false,false,false,944,true
46,C,8,SMU_825,BsaI,Payload_2,Tag_100,Tag_185,SMu0749,24379280,SMU.825,VIMSS295583,1028205,N,?,Y,N,0.18,24.00333,0.030013307193700295,23.75333,false,false,false,true,false,false,false,false,false,false,945,true
46,D,8,SMU_826,BsaI,Payload_2,Tag_16,Tag_172,SMu0750,24379281,SMU.826,VIMSS295584,1028203,?,N,Y,N,0.108,8.00361,1.8975377352851953e-25,1.00333,false,false,false,true,false,false,false,false,false,false,946,true
46,E,8,SMU_827,BsaI,Payload_2,Tag_17,Tag_146,SMu0751,24379282,SMU.827,VIMSS295585,1028198,N,N,N,Y,0.113,16.75333,4.950277183449992e-19,1.00333,false,false,false,true,false,false,false,false,false,false,947,true
46,F,8,SMU_828,BsaI,Payload_2,Tag_34,Tag_93,SMu0752,24379283,SMU.828,VIMSS295586,1028207,N,N,N,Y,0.116,4.25361,8.812914541013733e-28,1.00333,false,false,false,false,false,false,false,false,false,false,948,true
46,G,8,SMU_829,BsaI,Payload_2,Tag_24,Tag_183,SMu0753,24379284,SMU.829,VIMSS295587,1029496,N,N,Y,N,0.113,2.00361,1.7791723659843365e-14,1.00333,false,false,false,false,false,false,false,false,false,false,949,true
46,H,8,SMU_830,BsaI,Payload_2,Tag_85,Tag_100,SMu0754,24379285,SMU.830,VIMSS295588,1029091,?,?,Y,N,1.159,7.50333,0.31240962455877486,6.12333,false,false,true,true,true,true,false,false,true,true,950,true
46,A,9,SMU_847c,BsaI,Payload_1,Tag_15,Tag_103,SMu0770,24379301,SMU.847c,VIMSS295604,1028220,N,N,N,?,0.549,24.00306,0.23878652743883322,23.75306,false,false,true,true,true,false,false,false,false,false,968,true
46,B,9,SMU_846,BsaI,Payload_2,Tag_50,Tag_52,SMu0771,24379302,SMU.846,VIMSS295605,1028218,N,N,N,Y,0.107,9.75278,-5.369393722450845e-46,1.00306,false,false,false,true,false,false,false,false,false,false,969,true
46,C,9,SMU_848,BsaI,Payload_2,Tag_142,Tag_192,SMu0772,24379303,SMU.848,VIMSS295606,1028217,N,N,N,Y,0.11,22.25306,3.3393212045267006e-15,1.00306,false,false,false,true,false,false,false,false,false,false,970,true
46,D,9,SMU_849,BsaI,Payload_2,Tag_27,Tag_53,SMu0773,24379304,SMU.849,VIMSS295607,1028224,N,N,N,?,0.11,5.00306,7.156637517860267e-20,1.00306,false,false,false,false,false,false,false,false,false,false,971,true
46,E,9,intergenic_197,BsaI,Payload_2,Tag_4,Tag_178,,,,,,?,Y,,,1.707,11.75306,0.34301648626698544,6.92306,false,true,true,true,true,true,false,true,true,true,972,true
46,F,9,intergenic_202,BsaI,Payload_2,Tag_23,Tag_135,,,,,,N,N,,,0.122,10.75306,6.742889507743549e-19,1.00306,false,false,false,true,false,false,false,false,false,false,991,true
46,G,9,SMU_865,BsaI,Payload_2,Tag_13,Tag_115,SMu0788,24379319,SMU.865,VIMSS295622,1028234,N,N,Y,N,0.103,2.25306,2.126418178253405e-25,1.00306,false,false,false,false,false,false,false,false,false,false,992,true
46,H,9,SMU_866,BsaI,Payload_2,Tag_147,Tag_148,SMu0789,24379320,SMU.866,VIMSS295623,1028233,?,Y,Y,N,1.298,12.50306,0.2615884352191662,6.47306,false,true,true,true,true,true,false,true,true,true,993,true
46,A,10,SMU_868,BsaI,Payload_2,Tag_93,Tag_111,SMu0791,24379322,SMU.868,VIMSS295625,1028237,?,N,N,Y,0.523,24.00306,0.1986565816632342,23.75306,false,false,true,true,true,false,false,false,false,false,995,true
46,B,10,intergenic_207,BsaI,Payload_2,Tag_123,Tag_147,,,,,,N,N,,,0.121,9.50306,2.6889539500339997e-16,1.00306,false,false,false,true,false,false,false,false,false,false,1027,true
46,C,10,SMU_900,BbsI,Payload_4,Tag_18,Tag_119,SMu0821,24379352,SMU.900,VIMSS295655,1028264,?,?,Y,N,0.381,24.00306,0.15184132754546908,23.75306,false,false,true,true,true,false,false,false,false,false,1030,true
46,D,10,SMU_901,BsaI,Payload_2,Tag_93,Tag_166,SMu0822,24379353,SMU.901,VIMSS295656,1028262,N,N,N,Y,0.103,24.00306,9.897006848819952e-15,1.00306,false,false,false,true,false,false,false,false,false,false,1031,true
46,E,10,SMU_910,BsaI,Payload_2,Tag_109,Tag_188,SMu0827,24379358,SMU.910,VIMSS295661,1028270,Y,Y,Y,N,1.675,11.50278,0.32431264769420365,7.20306,true,true,true,true,true,true,true,true,true,true,1038,false
46,F,10,intergenic_211,BsaI,Payload_2,Tag_92,Tag_137,,,,,,Y,N,,,1.74,12.00306,0.3468035166387155,6.84306,true,false,true,true,true,true,false,true,true,true,1047,true
46,G,10,intergenic_214,BsaI,Payload_2,Tag_1,Tag_141,,,,,,N,N,,,0.125,21.25333,5.7281849598409554e-21,1.00333,false,false,false,true,false,false,false,false,false,false,1065,true
46,H,10,SMU_937,BsaI,Payload_2,Tag_20,Tag_90,SMu0850,24379381,SMU.937,VIMSS295684,1028291,?,N,N,?,0.102,7.25333,1.0343677926218566e-15,1.00333,false,false,false,true,false,false,false,false,false,false,1066,true
46,A,11,SMU_938,BsaI,Payload_2,Tag_94,Tag_190,SMu0851,24379382,SMU.938,VIMSS295685,1028289,N,N,Y,N,0.097,1.25333,-1.898248069234379e-24,1.00333,false,false,false,false,false,false,false,false,false,false,1067,true
46,B,11,SMU_939,BsaI,Payload_2,Tag_14,Tag_35,SMu0852,24379383,SMU.939,VIMSS295686,1028286,N,N,N,?,0.102,19.00306,5.307970426264441e-26,1.00333,false,false,false,true,false,false,false,false,false,false,1068,true
46,C,11,SMU_942,BsaI,Payload_1,Tag_53,Tag_137,,,,,,N,N,N,?,0.099,1.25333,-2.294667472591133e-15,1.00333,false,false,false,false,false,false,false,false,false,false,1072,true
46,D,11,SMU_943c,BsaI,Payload_1,Tag_61,Tag_168,SMu0856,24379387,SMU.943c,VIMSS295690,1028290,N,N,N,Y,0.106,19.00306,2.4667167816193138e-21,1.00333,false,false,false,true,false,false,false,false,false,false,1073,true
46,E,11,intergenic_216,BsaI,Payload_2,Tag_23,Tag_43,,,,,,N,N,,,0.12,24.00306,0.009581096875073213,23.75333,false,false,false,true,false,false,false,false,false,false,1074,true
46,F,11,SMU_944,BsaI,Payload_2,Tag_141,Tag_189,SMu0857,24379388,SMU.944,VIMSS295691,1028296,?,Y,N,?,1.827,11.75333,0.36816313061263095,7.40333,false,true,true,true,true,true,false,true,true,true,1075,true
46,G,11,SMU_947,BsaI,Payload_2,Tag_151,Tag_154,SMu0859,24379390,SMU.947,VIMSS295693,1028294,N,N,N,?,0.106,24.00306,1.2813273144108706e-6,17.82333,false,false,false,true,false,true,false,false,false,false,1077,true
46,H,11,SMU_950,BsaI,Payload_2,Tag_82,Tag_150,SMu0862,24379393,SMU.950,VIMSS295696,1028297,?,Y,N,?,1.7,11.75333,0.35215531212330997,7.32333,false,true,true,true,true,true,false,true,true,true,1080,true
46,A,12,intergenic_218,BsaI,Payload_2,Tag_8,Tag_144,,,,,,N,N,,,0.188,24.00306,0.030955305974882413,23.75333,false,false,false,true,false,false,false,false,false,false,1088,true
46,B,12,SMU_957,BsaI,Payload_2,Tag_142,Tag_171,SMu0869,24379400,SMU.957,VIMSS295703,1028306,N,N,N,Y,0.101,7.50306,4.278333985687448e-19,1.00333,false,false,false,true,false,false,false,false,false,false,1089,true
46,C,12,SMU_958,BsaI,Payload_2,Tag_7,Tag_180,SMu0870,24379401,SMU.958,VIMSS295704,1028305,N,N,N,Y,0.112,6.00333,1.2896219043737696e-17,1.00333,false,false,false,false,false,false,false,false,false,false,1090,true
46,D,12,SMU_959c,BsaI,Payload_1,Tag_147,Tag_158,SMu0871,24379402,SMU.959c,VIMSS295705,1028303,N,N,N,Y,0.124,24.00306,0.011661450004006368,23.75333,false,false,false,true,false,false,false,false,false,false,1091,true
46,E,12,SMU_960,BsaI,Payload_2,Tag_82,Tag_119,SMu0872,24379403,SMU.960,VIMSS295706,1028311,N,N,N,Y,0.11,24.00306,0.0003381972297399971,23.75333,false,false,false,true,false,false,false,false,false,false,1092,true
46,F,12,intergenic_219,BsaI,Payload_2,Tag_67,Tag_148,,,,,,N,N,,,0.102,10.00333,9.19326299902374e-28,1.00333,false,false,false,true,false,false,false,false,false,false,1093,true
46,G,12,SMU_965,BsaI,Payload_2,Tag_115,Tag_139,SMu0876,24379407,SMU.965,VIMSS295710,1027975,?,Y,Y,N,1.902,10.75306,0.3801514733454353,6.32333,false,true,true,true,true,true,false,true,true,true,1098,true
46,H,12,SMU_966,BsaI,Payload_2,Tag_117,Tag_171,SMu0877,24379408,SMU.966,VIMSS295711,1029434,N,N,Y,N,0.129,24.00306,0.012299615633980614,23.75333,false,false,false,true,false,false,false,false,false,false,1099,true
47,A,1,SMU_972,BsaI,Payload_2,Tag_134,Tag_155,SMu0883,24379414,SMU.972,VIMSS295717,1029513,Y,Y,N,?,0.129,24.00306,0.008643237035970103,23.75333,true,true,false,true,false,false,false,false,false,false,1105,true
47,B,1,SMU_973,BsaI,Payload_2,Tag_25,Tag_109,SMu0884,24379415,SMU.973,VIMSS295718,1028319,N,N,Y,N,1.766,11.75333,0.35275221546814317,7.17333,false,false,true,true,true,true,false,false,true,true,1106,true
47,C,1,intergenic_224,BsaI,Payload_2,Tag_5,Tag_170,,,,,,Y,Y,,,0.11,12.75306,4.802299481819447e-21,1.00333,true,true,false,true,false,false,false,false,false,false,1121,true
47,D,1,intergenic_226,BsaI,Payload_2,Tag_113,Tag_190,,,,,,?,N,,,1.767,10.75306,0.35313333778376477,5.95333,false,false,true,true,true,true,false,false,true,true,1125,true
47,E,1,SMU_989,BsaI,Payload_2,Tag_133,Tag_163,SMu0899,24379429,SMU.989,VIMSS295732,1028321,N,N,N,?,1.748,24.00306,0.33348728493105695,19.54333,false,false,true,true,true,true,false,false,true,true,1126,true
47,F,1,SMU_993,BsaI,Payload_2,Tag_139,Tag_186,SMu0903,24379433,SMU.993,VIMSS295736,1028334,N,N,N,?,0.113,24.00306,9.221009907617447e-24,1.00333,false,false,false,true,false,false,false,false,false,false,1132,true
47,G,1,SMU_1002,BsaI,Payload_2,Tag_46,Tag_188,SMu0912,24379442,SMU.1002,VIMSS295745,1028341,N,N,N,?,0.106,22.25333,1.72978526815111e-19,1.00333,false,false,false,true,false,false,false,false,false,false,1141,true
47,H,1,SMU_1004,BsaI,Payload_2,Tag_26,Tag_76,SMu0914,24379444,SMU.1004,VIMSS295747,1028336,?,Y,Y,N,1.758,12.50333,0.3322515124095555,7.25333,false,true,true,true,true,true,false,true,true,true,1145,true
47,A,2,SMU_1034c,BsaI,Payload_1,Tag_118,Tag_125,SMu0943,24379472,SMU.1034c,VIMSS295775,1028083,Y,Y,Y,N,0.252,24.00306,0.11517140894407873,23.75306,true,true,true,true,true,false,false,true,true,true,1179,true
47,B,2,SMU_1035,BsaI,Payload_2,Tag_38,Tag_113,SMu0944,24379473,SMU.1035,VIMSS295776,1028371,N,N,N,Y,1.749,12.00333,0.3247348331965753,7.72306,false,false,true,true,true,true,false,false,true,true,1180,true
47,C,2,SMU_1045c,BsaI,Payload_1,Tag_83,Tag_176,SMu0954,24379483,SMU.1045c,VIMSS295786,1028373,N,N,N,?,0.113,24.00306,1.1265165222135691e-10,23.38306,false,false,false,true,false,false,false,false,false,false,1190,true
47,D,2,SMU_1046c,BsaI,Payload_1,Tag_73,Tag_83,SMu0955,24379484,SMU.1046c,VIMSS295787,1028369,N,N,Y,N,0.106,14.75333,3.8145251426159134e-15,1.00306,false,false,false,true,false,false,false,false,false,false,1191,true
47,E,2,SMU_1047c,BsaI,Payload_1,Tag_21,Tag_62,SMu0956,24379485,SMU.1047c,VIMSS295788,1028379,N,N,N,?,0.099,5.25306,1.8816180236750954e-23,1.00306,false,false,false,false,false,false,false,false,false,false,1193,true
47,F,2,SMU_1051,BsaI,Payload_2,Tag_57,Tag_71,SMu0959,24379488,SMU.1051,VIMSS295791,1028380,N,N,N,Y,0.171,24.00306,0.023536348652291164,23.75306,false,false,false,true,false,false,false,false,false,false,1196,true
47,G,2,SMU_1114,BsaI,Payload_1,Tag_110,Tag_134,,,,,,Y,N,N,?,0.118,23.67,2.868752482453359e-23,1.33639,true,false,false,true,false,false,false,false,false,false,1267,true
47,H,2,SMU_1115,BsaI,Payload_2,Tag_30,Tag_87,SMu1018,24379547,SMU.1115,VIMSS295850,1028428,N,N,N,Y,0.11,22.00333,3.1679293092322375e-26,1.33639,false,false,false,true,false,false,false,false,false,false,1268,true
47,A,3,SMU_1118c,BsaI,Payload_1,Tag_14,Tag_152,SMu1021,24379550,SMU.1118c,VIMSS295853,1028430,Y,Y,Y,N,1.822,11.33639,0.3252762933992073,7.29639,true,true,true,true,true,true,true,true,true,true,1272,false
47,B,3,SMU_1120,BsaI,Payload_1,Tag_82,Tag_128,,,,,,N,Y,Y,N,1.582,10.66972,0.32583003996520365,6.14639,false,true,true,true,true,true,false,true,true,true,1274,true
47,C,3,SMU_1121c,BsaI,Payload_1,Tag_57,Tag_144,SMu1024,24379553,SMU.1121c,VIMSS295856,1028433,Y,Y,Y,N,1.411,12.00306,0.2942347293452525,6.36639,true,true,true,true,true,true,true,true,true,true,1275,false
47,D,3,SMU_1126,BsaI,Payload_2,Tag_81,Tag_186,SMu1029,24379558,SMU.1126,VIMSS295861,1029377,N,N,N,Y,0.114,2.67,-6.727401490893354e-16,1.33639,false,false,false,false,false,false,false,false,false,false,1280,true
47,E,3,SMU_1134c,BsaI,Payload_1,Tag_32,Tag_145,SMu1036,24379565,SMU.1134c,VIMSS295868,1029559,N,N,N,Y,0.11,2.67,-1.88082445524166e-22,1.33639,false,false,false,false,false,false,false,false,false,false,1288,true
47,F,3,SMU_1135,BsaI,Payload_1,Tag_149,Tag_191,,,,,,N,N,N,Y,0.104,2.67,-1.1622219911768749e-22,1.33639,false,false,false,false,false,false,false,false,false,false,1289,true
47,G,3,SMU_1136,BsaI,Payload_1,Tag_107,Tag_182,,,,,,N,N,N,Y,0.106,2.67,1.3286032088148765e-27,1.33639,false,false,false,false,false,false,false,false,false,false,1290,true
47,H,3,SMU_1137,BsaI,Payload_1,Tag_50,Tag_143,,,,,,N,N,N,Y,0.107,15.33639,9.796928485202842e-27,1.33639,false,false,false,true,false,false,false,false,false,false,1291,true
47,A,4,SMU_1138,BsaI,Payload_1,Tag_106,Tag_136,,,,,,N,N,N,?,0.105,23.67,8.6363915252195e-22,1.33639,false,false,false,true,false,false,false,false,false,false,1292,true
47,B,4,SMU_1142c,BsaI,Payload_1,Tag_103,Tag_175,SMu1044,24379573,SMU.1142c,VIMSS295876,1029353,N,N,N,Y,0.109,2.67,-2.4464998280095115e-19,1.33639,false,false,false,false,false,false,false,false,false,false,1296,true
47,C,4,SMU_1143c,BsaI,Payload_1,Tag_42,Tag_174,SMu1045,24379574,SMU.1143c,VIMSS295877,1029256,N,N,N,?,0.101,2.67,1.346003130400731e-19,1.33639,false,false,false,false,false,false,false,false,false,false,1297,true
47,D,4,SMU_1165c,BbsI,Payload_3,Tag_167,Tag_188,SMu1066,24379595,SMU.1165c,VIMSS295898,1028466,N,Y,Y,N,1.552,12.00306,0.3268644068384756,6.36639,false,true,true,true,true,true,false,true,true,true,1321,true
47,E,4,SMU_1187,BsaI,Payload_1,Tag_2,Tag_190,,,,,,Y,N,N,?,0.105,8.33639,-9.850391413234696e-23,1.33639,true,false,false,true,false,false,false,false,false,false,1344,true
47,F,4,SMU_1190,BsaI,Payload_1,Tag_62,Tag_136,,,,,,N,N,N,Y,0.109,23.67,-2.166557739112648e-22,1.33667,false,false,false,true,false,false,false,false,false,false,1348,true
47,G,4,SMU_1191,BsaI,Payload_1,Tag_47,Tag_124,,,,,,N,N,N,Y,0.111,23.67,-3.4400411059728153e-25,1.33667,false,false,false,true,false,false,false,false,false,false,1349,true
47,H,4,SMU_1192,BsaI,Payload_1,Tag_41,Tag_93,,,,,,N,N,N,Y,0.11,1.67,-2.005108161003033e-22,1.33667,false,false,false,false,false,false,false,false,false,false,1350,true
47,A,5,intergenic_260,BsaI,Payload_2,Tag_11,Tag_130,,,,,,Y,N,,,0.131,24.00333,0.0002873787617698707,23.66667,true,false,false,true,false,false,false,false,false,false,1355,true
47,B,5,SMU_1200,BsaI,Payload_1,Tag_54,Tag_66,,,,,,N,N,N,?,0.118,23.67,9.96053893004518e-28,1.33667,false,false,false,true,false,false,false,false,false,false,1358,true
47,C,5,SMU_1204,BbsI,Payload_3,Tag_95,Tag_191,,,,,,Y,N,N,Y,0.109,2.00333,4.583251668206938e-25,1.33667,true,false,false,false,false,false,false,false,false,false,1362,true
47,D,5,SMU_1205c,BbsI,Payload_3,Tag_18,Tag_64,SMu1101,24379630,SMU.1205c,VIMSS295933,1028501,N,Y,Y,N,1.164,23.67,0.24481484062344425,7.21667,false,true,true,true,true,true,false,true,true,true,1363,true
47,E,5,SMU_1206c,BsaI,Payload_1,Tag_48,Tag_142,SMu1102,24379631,SMU.1206c,VIMSS295934,1028500,Y,N,Y,N,0.12,23.67,3.985222346391588e-22,1.33667,true,false,false,true,false,false,false,false,false,false,1364,true
47,F,5,SMU_1210,BsaI,Payload_1,Tag_36,Tag_129,,,,,,N,N,N,Y,0.105,2.00333,7.137589896211542e-14,1.33667,false,false,false,false,false,false,false,false,false,false,1369,true
47,G,5,SMU_1211,BsaI,Payload_2,Tag_64,Tag_130,SMu1107,24379636,SMU.1211,VIMSS295939,1028505,N,N,N,Y,0.123,2.00333,-6.020535566760917e-21,1.33667,false,false,false,false,false,false,false,false,false,false,1370,true
47,H,5,SMU_1247,BsaI,Payload_1,Tag_53,Tag_75,,,,,,Y,N,N,?,0.106,2.00333,-1.2204364283247857e-20,1.33667,true,false,false,false,false,false,false,false,false,false,1408,true
47,A,6,intergenic_269,BsaI,Payload_2,Tag_43,Tag_183,,,,,,N,Y,,,1.699,12.33722,0.31434940562697333,7.15667,false,true,true,true,true,true,false,true,true,true,1409,true
47,B,6,SMU_1277,BbsI,Payload_3,Tag_24,Tag_174,,,,,,N,N,N,?,0.108,7.67028,-6.2789073754690616e-18,1.33667,false,false,false,true,false,false,false,false,false,false,1440,true
47,C,6,SMU_1288,BsaI,Payload_1,Tag_59,Tag_107,,,,,,N,N,N,?,0.191,24.00361,0.031195853847075933,23.66694,false,false,false,true,false,false,false,false,false,false,1450,true
47,D,6,SMU_1291c,BsaI,Payload_1,Tag_101,Tag_173,SMu1178,24379707,SMU.1291c,VIMSS296010,1028565,N,N,N,?,0.389,24.00361,0.08536739455421771,23.66694,false,false,true,true,false,false,false,false,false,false,1453,true
47,E,6,SMU_1294,BsaI,Payload_1,Tag_57,Tag_184,,,,,,Y,N,N,?,0.345,24.00361,0.12756032738522194,23.66694,true,false,true,true,true,false,false,false,true,true,1457,true
47,F,6,SMU_1298,BsaI,Payload_2,Tag_88,Tag_132,SMu1185,24379714,SMU.1298,VIMSS296017,1028520,N,N,N,Y,0.112,3.33694,1.555363119876553e-15,1.33694,false,false,false,false,false,false,false,false,false,false,1461,true
47,G,6,intergenic_278,BbsI,Payload_4,Tag_88,Tag_97,,,,,,Y,Y,,,1.83,11.67028,0.34812413321337443,7.43694,true,true,true,true,true,true,true,true,true,true,1468,false
47,H,6,SMU_1326,BsmBI/Esp3I,Payload_5,Tag_37,Tag_155,,,,,,N,N,N,Y,0.114,24.00361,2.9462354556358343e-13,1.33694,false,false,false,true,false,false,false,false,false,false,1493,true
47,A,7,SMU_1409c,BsaI,Payload_1,Tag_3,Tag_115,SMu1285,24379813,SMU.1409c,VIMSS296116,1028667,Y,Y,N,?,1.734,11.67028,0.3278638283833939,6.96667,true,true,true,true,true,true,true,true,true,true,1589,false
47,B,7,SMU_1426c,BsaI,Payload_1,Tag_56,Tag_138,SMu1301,24379829,SMU.1426c,VIMSS296132,1028685,N,N,N,?,0.284,19.67,0.012052807148446504,1.33667,false,false,true,true,false,false,false,false,false,false,1607,true
47,C,7,SMU_1428c,BsaI,Payload_1,Tag_48,Tag_62,SMu1303,24379831,SMU.1428c,VIMSS296134,1028682,N,N,N,?,0.109,10.67,6.56255972921178e-23,1.33667,false,false,false,true,false,false,false,false,false,false,1609,true
47,D,7,SMU_1429,BsaI,Payload_2,Tag_96,Tag_168,SMu1304,24379832,SMU.1429,VIMSS296135,1028689,Y,N,N,Y,0.117,24.00333,4.923368621919629e-17,1.33667,true,false,false,true,false,false,false,false,false,false,1610,true
47,E,7,SMU_1444c,BsaI,Payload_1,Tag_115,Tag_141,SMu1315,24379843,SMU.1444c,VIMSS296146,1028706,N,N,Y,N,0.119,24.00333,2.749997297910785e-16,1.33667,false,false,false,true,false,false,false,false,false,false,1626,true
47,F,7,SMU_1457,BsaI,Payload_1,Tag_30,Tag_156,,,,,,N,N,N,?,0.116,20.00333,7.366155619953171e-16,1.33667,false,false,false,true,false,false,false,false,false,false,1642,true
47,G,7,SMU_1460,BsaI,Payload_1,Tag_15,Tag_36,,,,,,Y,N,Y,N,0.119,21.00333,4.391268528095762e-31,1.33667,true,false,false,true,false,false,false,false,false,false,1645,true
47,H,7,SMU_1461,BbsI,Payload_3,Tag_69,Tag_141,,,,,,N,N,Y,N,0.125,23.33667,4.011008780994788e-21,1.33667,false,false,false,true,false,false,false,false,false,false,1646,true
47,A,8,SMU_1465c,BsaI,Payload_1,Tag_49,Tag_52,SMu1334,24379862,SMU.1465c,VIMSS296165,1028727,Y,N,Y,N,0.109,20.00333,1.525212665698841e-18,1.33667,true,false,false,true,false,false,false,false,false,false,1650,true
47,B,8,SMU_1474c,BsaI,Payload_1,Tag_134,Tag_166,SMu1341,24379869,SMU.1474c,VIMSS296172,1029577,N,N,Y,N,0.11,6.00333,1.462756345074838e-19,1.33667,false,false,false,false,false,false,false,false,false,false,1659,true
47,C,8,SMU_1495,BsaI,Payload_1,Tag_54,Tag_87,,,,,,N,Y,Y,N,1.847,11.67,0.33611452321023894,7.18667,false,true,true,true,true,true,false,true,true,true,1681,true
47,D,8,SMU_1499,BsaI,Payload_1,Tag_11,Tag_55,,,,,,N,N,Y,N,0.115,11.33667,1.926613341008162e-21,1.33667,false,false,false,true,false,false,false,false,false,false,1686,true
47,E,8,SMU_1500,BsaI,Payload_1,Tag_54,Tag_121,,,,,,N,Y,N,?,1.72,14.33667,0.2744910090463133,8.83667,false,true,true,true,true,true,false,true,true,true,1687,true
47,F,8,SMU_1510,BsaI,Payload_1,Tag_28,Tag_173,,,,,,Y,N,N,Y,0.172,24.00333,0.01686598651197668,23.66667,true,false,false,true,false,false,false,false,false,false,1700,true
47,G,8,SMU_1511c,BsaI,Payload_1,Tag_53,Tag_181,SMu1373,24379901,SMU.1511c,VIMSS296204,1028753,N,N,Y,N,0.114,23.00333,1.3764738145544795e-22,1.33667,false,false,false,true,false,false,false,false,false,false,1701,true
47,H,8,SMU_1512,BsaI,Payload_1,Tag_125,Tag_191,,,,,,N,N,N,Y,0.12,23.00333,1.634269471945142e-21,1.33667,false,false,false,true,false,false,false,false,false,false,1702,true
47,A,9,SMU_1517,BsaI,Payload_1,Tag_148,Tag_158,,,,,,Y,Y,Y,N,0.115,23.00333,5.434415032981422e-22,1.33667,true,true,false,true,false,false,false,false,false,false,1708,true
47,B,9,SMU_1527,BsaI,Payload_1,Tag_49,Tag_77,,,,,,N,N,Y,N,0.12,23.00333,9.099052159064544e-23,1.33667,false,false,false,true,false,false,false,false,false,false,1719,true
47,C,9,SMU_1528,BsaI,Payload_1,Tag_181,Tag_190,,,,,,Y,N,Y,N,0.189,23.67,0.02011646570839065,23.66667,true,false,false,true,false,false,false,false,false,false,1720,true
47,D,9,SMU_1529,BsaI,Payload_1,Tag_48,Tag_116,,,,,,N,N,N,Y,0.104,15.33667,9.084949333348181e-24,1.33667,false,false,false,true,false,false,false,false,false,false,1721,true
47,E,9,SMU_1530,BsaI,Payload_1,Tag_91,Tag_128,,,,,,N,N,N,Y,0.107,10.00333,2.142700746108083e-16,1.33667,false,false,false,true,false,false,false,false,false,false,1722,true
47,F,9,SMU_1531,BsaI,Payload_1,Tag_70,Tag_96,,,,,,N,N,Y,N,0.111,10.00333,1.2782234072473648e-17,1.33667,false,false,false,true,false,false,false,false,false,false,1723,true
47,G,9,SMU_1532,BsaI,Payload_1,Tag_26,Tag_67,,,,,,N,N,Y,N,0.111,10.00333,2.9649228907635806e-16,1.33667,false,false,false,true,false,false,false,false,false,false,1724,true
47,H,9,SMU_1533,BbsI,Payload_3,Tag_75,Tag_172,,,,,,N,N,Y,N,0.112,10.00333,1.5262231671881912e-18,1.33667,false,false,false,true,false,false,false,false,false,false,1725,true
47,A,10,SMU_1534,BsaI,Payload_1,Tag_18,Tag_25,,,,,,Y,N,N,?,0.176,24.00333,0.02049114476015718,23.66667,true,false,false,true,false,false,false,false,false,false,1726,true
47,B,10,SMU_1542c,BsaI,Payload_1,Tag_52,Tag_166,SMu1402,24379930,SMU.1542c,VIMSS296233,1028785,Y,N,N,Y,0.154,24.00333,0.005550833753187441,23.66667,true,false,false,true,false,false,false,false,false,false,1735,true
47,C,10,SMU_1543,BsaI,Payload_1,Tag_88,Tag_166,,,,,,N,N,N,Y,0.243,13.67,3.700793748330766e-20,1.33667,false,false,false,true,false,false,false,false,false,false,1736,true
47,D,10,SMU_1556,BsaI,Payload_1,Tag_83,Tag_151,,,,,,N,N,N,?,0.159,24.00333,1.4079077865035547e-17,1.33667,false,false,false,true,false,false,false,false,false,false,1748,true
47,E,10,SMU_1565,BsaI,Payload_1,Tag_12,Tag_172,,,,,,N,Y,Y,N,1.598,12.33667,0.2900802292671839,7.70667,false,true,true,true,true,true,false,true,true,true,1758,true
47,F,10,SMU_1573,BbsI,Payload_3,Tag_33,Tag_135,,,,,,Y,N,N,Y,0.123,24.00333,3.7350076195861113e-19,1.33667,true,false,false,true,false,false,false,false,false,false,1766,true
47,G,10,SMU_1578,BsaI,Payload_2,Tag_177,Tag_184,SMu1435,24379962,SMU.1578,VIMSS296265,1028812,Y,Y,N,Y,0.122,16.67,1.023558263811611e-19,1.33667,true,true,false,true,false,false,false,false,false,false,1774,true
47,H,10,SMU_1581,BsaI,Payload_1,Tag_121,Tag_122,,,,,,Y,N,N,?,0.726,24.00333,0.2946911590430261,23.66667,true,false,true,true,true,false,false,false,true,true,1776,true
47,A,11,SMU_1582c,BsaI,Payload_1,Tag_6,Tag_26,SMu1438,24379965,SMU.1582c,VIMSS296268,1028815,Y,N,N,Y,0.601,24.00333,0.20435368036099424,23.66667,true,false,true,true,true,false,false,false,true,true,1777,true
47,B,11,SMU_1586,BsaI,Payload_1,Tag_31,Tag_38,,,,,,N,N,Y,N,0.117,13.00333,9.61168331764076e-20,1.33667,false,false,false,true,false,false,false,false,false,false,1782,true
47,C,11,SMU_1588c,BsaI,Payload_1,Tag_66,Tag_145,SMu1443,24379970,SMU.1588c,VIMSS296273,1028822,Y,Y,N,?,0.434,24.00333,0.10768756596834494,23.66667,true,true,true,true,true,false,false,true,true,true,1785,true
47,D,11,SMU_1606,BsaI,Payload_1,Tag_110,Tag_126,,,,,,Y,N,Y,N,0.164,24.00333,3.92805685681635e-15,1.33667,true,false,false,true,false,false,false,false,false,false,1806,true
47,E,11,SMU_1607,BsaI,Payload_1,Tag_133,Tag_149,,,,,,Y,N,Y,N,0.139,24.00333,0.004280620965442695,23.66667,true,false,false,true,false,false,false,false,false,false,1807,true
47,F,11,SMU_1609c,BsaI,Payload_1,Tag_27,Tag_37,SMu1463,24379989,SMU.1609c,VIMSS296292,1028836,N,N,N,Y,0.114,5.00333,-1.5093137348170437e-22,1.33667,false,false,false,false,false,false,false,false,false,false,1809,true
47,G,11,SMU_1613c,BsaI,Payload_1,Tag_82,Tag_158,SMu1467,24379993,SMU.1613c,VIMSS296296,1028845,Y,N,N,Y,0.247,17.67,0.007135397638242298,6.57667,true,false,false,true,false,true,false,false,false,false,1813,true
47,H,11,SMU_1619c,BsaI,Payload_1,Tag_40,Tag_158,SMu1473,24379999,SMU.1619c,VIMSS296302,1028851,Y,N,Y,N,0.121,5.00333,1.4936296264016297e-16,1.33667,true,false,false,false,false,false,false,false,false,false,1819,true
47,A,12,SMU_1625,BsaI,Payload_1,Tag_32,Tag_181,,,,,,N,N,N,Y,0.109,19.16972,-1.7208050960068662e-29,1.66972,false,false,false,true,false,false,false,false,false,false,1828,true
47,B,12,SMU_1626,BsaI,Payload_1,Tag_33,Tag_163,,,,,,N,N,Y,N,0.525,24.16972,0.06657475659886139,23.74972,false,false,true,true,false,false,false,false,false,false,1829,true
47,C,12,SMU_1627,BsaI,Payload_1,Tag_70,Tag_139,,,,,,N,N,Y,N,0.105,11.66972,1.6267329869541857e-14,1.66972,false,false,false,true,false,false,false,false,false,false,1830,true
47,D,12,SMU_1639,BbsI,Payload_3,Tag_15,Tag_43,,,,,,N,N,N,?,0.313,24.16972,0.09585684786298745,23.74972,false,false,true,true,false,false,false,false,false,false,1841,true
47,E,12,intergenic_354,BsaI,Payload_2,Tag_36,Tag_132,,,,,,Y,Y,,,0.949,24.16972,0.09133284311973083,9.96972,true,true,true,true,false,true,false,true,true,true,1852,true
47,F,12,SMU_1662,BsaI,Payload_1,Tag_10,Tag_92,,,,,,N,N,N,?,0.285,24.16972,0.10702763843006347,23.74972,false,false,true,true,true,false,false,false,false,false,1868,true
47,G,12,SMU_1677,BsaI,Payload_2,Tag_61,Tag_166,SMu1529,24380055,SMU.1677,VIMSS296358,1028914,N,N,N,?,0.126,24.16972,0.0,1.66972,false,false,false,true,false,false,false,false,false,false,1886,true
47,H,12,SMU_1687,BsmBI/Esp3I,Payload_5,Tag_189,Tag_192,,,,,,N,N,N,?,0.105,6.25306,-1.6979739939588964e-15,1.66972,false,false,false,false,false,false,false,false,false,false,1896,true
48,A,1,SMU_1703c,BsaI,Payload_1,Tag_76,Tag_112,SMu1551,24380077,SMU.1703c,VIMSS296380,1028932,N,N,Y,N,0.568,24.16972,0.20359597739220234,23.74972,false,false,true,true,true,false,false,false,false,false,1911,true
48,B,1,SMU_1705,BsaI,Payload_2,Tag_121,Tag_175,SMu1553,24380079,SMU.1705,VIMSS296382,1028934,Y,Y,Y,N,1.708,22.91972,0.3008241174049895,7.57972,true,true,true,true,true,true,true,true,true,true,1914,false
48,C,1,SMU_1731,BsaI,Payload_1,Tag_60,Tag_88,,,,,,N,N,N,Y,0.099,11.25333,2.0121972216359127e-18,1.67,false,false,false,true,false,false,false,false,false,false,1941,true
48,D,1,SMU_1734,BbsI,Payload_3,Tag_36,Tag_190,,,,,,N,Y,N,?,1.448,24.17,0.24465044846218456,6.19,false,true,true,true,true,true,false,true,true,true,1944,true
48,E,1,SMU_1735,BsaI,Payload_1,Tag_19,Tag_119,,,,,,N,Y,N,?,1.61,22.92,0.25296911323432886,6.56,false,true,true,true,true,true,false,true,true,true,1945,true
48,F,1,SMU_1736,BsaI,Payload_1,Tag_121,Tag_154,,,,,,N,N,Y,N,0.221,24.17,0.0647994151036252,23.75,false,false,false,true,false,false,false,false,false,false,1946,true
48,G,1,SMU_1737,BsaI,Payload_1,Tag_22,Tag_29,,,,,,Y,N,N,Y,0.119,24.17,0.009950752037711936,23.75,true,false,false,true,false,false,false,false,false,false,1947,true
48,H,1,SMU_1738,BsaI,Payload_1,Tag_166,Tag_184,,,,,,N,N,N,Y,0.11,1.67,-2.3891452409626307e-22,1.67,false,false,false,false,false,false,false,false,false,false,1948,true
48,A,2,SMU_1739,BsaI,Payload_1,Tag_65,Tag_138,,,,,,Y,N,N,?,1.726,20.83667,0.3300357819653919,16.78,true,false,true,true,true,true,false,true,true,true,1949,true
48,B,2,SMU_1740,BsaI,Payload_1,Tag_33,Tag_167,,,,,,Y,N,N,Y,1.451,24.17,0.3271997318622665,23.2,true,false,true,true,true,false,false,false,true,true,1950,true
48,C,2,SMU_1743,BsaI,Payload_1,Tag_48,Tag_112,,,,,,N,N,N,?,0.096,3.75306,4.097046484168859e-16,1.67,false,false,false,false,false,false,false,false,false,false,1953,true
48,D,2,SMU_1744,BsaI,Payload_1,Tag_61,Tag_146,,,,,,Y,N,Y,N,0.121,24.17,0.010565538046699888,23.75,true,false,false,true,false,false,false,false,false,false,1954,true
48,E,2,SMU_1747c,BsaI,Payload_1,Tag_74,Tag_99,SMu1593,24380119,SMU.1747c,VIMSS296422,1028968,Y,N,Y,N,1.702,20.00333,0.3326309563553405,7.35,true,false,true,true,true,true,false,true,true,true,1958,true
48,F,2,SMU_1748,BsaI,Payload_2,Tag_108,Tag_189,SMu1594,24380120,SMU.1748,VIMSS296423,1028970,Y,Y,N,?,1.635,24.17,0.2899645946622046,20.9,true,true,true,true,true,false,false,true,true,true,1959,true
48,G,2,SMU_1777,BsaI,Payload_1,Tag_78,Tag_192,,,,,,Y,N,Y,N,1.228,24.17,0.1448103819709164,13.65,true,false,true,true,true,true,false,true,true,true,1995,true
48,H,2,SMU_1781,BsaI,Payload_2,Tag_1,Tag_128,SMu1621,24380147,SMU.1781,VIMSS296450,1028997,N,N,Y,N,0.105,14.17,-3.707427565770533e-20,1.67,false,false,false,true,false,false,false,false,false,false,1998,true
48,A,3,SMU_1783,BsaI,Payload_1,Tag_23,Tag_145,,,,,,N,N,N,?,0.107,24.17,5.280416529335706e-22,1.67,false,false,false,true,false,false,false,false,false,false,2003,true
48,B,3,SMU_1785,BsaI,Payload_1,Tag_91,Tag_182,,,,,,N,N,Y,N,0.124,24.17,3.498894683135026e-16,1.67,false,false,false,true,false,false,false,false,false,false,2005,true
48,C,3,SMU_1786,BsmBI/Esp3I,Payload_5,Tag_56,Tag_115,,,,,,N,N,N,?,0.124,24.17,3.821290677901467e-5,23.55,false,false,false,true,false,false,false,false,false,false,2006,true
48,D,3,SMU_1795c,BsaI,Payload_1,Tag_106,Tag_147,SMu1634,24380160,SMU.1795c,VIMSS296463,1029001,Y,Y,Y,N,1.723,12.08667,0.30037698269434887,8.29,true,true,true,true,true,true,true,true,true,true,2014,false
48,E,3,SMU_1799,BbsI,Payload_3,Tag_118,Tag_119,,,,,,N,N,Y,N,0.117,5.00333,3.3839923494962545e-22,1.67,false,false,false,false,false,false,false,false,false,false,2018,true
48,F,3,SMU_1819,BsaI,Payload_1,Tag_148,Tag_155,,,,,,N,N,Y,N,0.112,9.17,3.5138110672273535e-16,1.67,false,false,false,true,false,false,false,false,false,false,2045,true
48,G,3,SMU_1820c,BsaI,Payload_1,Tag_39,Tag_82,SMu1658,24380184,SMU.1820c,VIMSS296487,1029032,N,N,Y,N,0.113,7.92,3.438959453712039e-22,1.67,false,false,false,true,false,false,false,false,false,false,2046,true
48,H,3,SMU_1821c,BsaI,Payload_1,Tag_38,Tag_151,SMu1659,24380185,SMU.1821c,VIMSS296488,1029031,N,N,Y,N,0.121,13.75333,1.4525180505018596e-24,1.67,false,false,false,true,false,false,false,false,false,false,2047,true
48,A,4,SMU_1835,BsaI,Payload_1,Tag_62,Tag_138,,,,,,N,N,Y,N,0.103,3.33667,4.761306645059448e-18,1.67,false,false,false,false,false,false,false,false,false,false,2061,true
48,B,4,SMU_1837,BsaI,Payload_1,Tag_150,Tag_159,,,,,,N,N,N,?,0.102,3.33667,4.817804166154495e-33,1.67,false,false,false,false,false,false,false,false,false,false,2064,true
48,C,4,SMU_1838,BsaI,Payload_1,Tag_39,Tag_145,,,,,,N,N,Y,N,0.105,6.67,1.9892600963456653e-16,1.67,false,false,false,false,false,false,false,false,false,false,2065,true
48,D,4,SMU_1858,BsaI,Payload_1,Tag_140,Tag_159,,,,,,N,N,Y,N,0.115,7.92,3.7758365674671233e-22,1.67,false,false,false,true,false,false,false,false,false,false,2086,true
48,E,4,SMU_1859,BsaI,Payload_1,Tag_6,Tag_85,,,,,,N,N,N,?,0.11,14.17,7.371554895950698e-25,1.67,false,false,false,true,false,false,false,false,false,false,2087,true
48,F,4,SMU_1860,BsaI,Payload_1,Tag_135,Tag_163,,,,,,N,N,N,Y,0.102,14.17,-1.9534352681857127e-33,1.67,false,false,false,true,false,false,false,false,false,false,2088,true
48,G,4,SMU_1899,BsaI,Payload_2,Tag_23,Tag_51,SMu1725,24380251,SMU.1899,VIMSS296554,1029097,Y,Y,N,Y,1.623,23.75333,0.30259438901697544,6.99972,true,true,true,true,true,true,true,true,true,true,2129,false
48,H,4,SMU_1921,BbsI,Payload_3,Tag_27,Tag_152,,,,,,N,N,Y,N,0.108,11.66972,1.0323209952494953e-21,1.66972,false,false,false,true,false,false,false,false,false,false,2156,true
48,A,5,SMU_1943,BsaI,Payload_1,Tag_57,Tag_99,,,,,,N,N,N,?,0.117,2.92,4.202842572454877e-14,1.66972,false,false,false,false,false,false,false,false,false,false,2181,true
48,B,5,SMU_1948,BsaI,Payload_1,Tag_54,Tag_192,,,,,,N,N,N,?,0.128,6.25306,9.562085383399254e-19,1.66972,false,false,false,false,false,false,false,false,false,false,2187,true
48,C,5,SMU_1955,BbsI,Payload_3,Tag_15,Tag_80,,,,,,N,N,Y,N,1.517,24.17,0.3489220475527499,22.39972,false,false,true,true,true,false,false,false,false,false,2194,true
48,D,5,intergenic_425,BsaI,Payload_2,Tag_79,Tag_164,,,,,,N,N,,,0.105,2.08639,3.752928209763787e-19,1.66972,false,false,false,false,false,false,false,false,false,false,2218,true
48,E,5,SMU_1990,BsaI,Payload_1,Tag_73,Tag_172,,,,,,N,N,N,Y,0.111,9.58639,-4.453128511426087e-18,1.66972,false,false,false,true,false,false,false,false,false,false,2231,true
48,F,5,SMU_2000,BsaI,Payload_1,Tag_34,Tag_145,,,,,,N,N,N,?,0.116,16.67,1.8700525064030316e-16,7.32972,false,false,false,true,false,true,false,false,false,false,2245,true
48,G,5,SMU_2001,BsaI,Payload_1,Tag_4,Tag_123,,,,,,N,N,N,Y,0.105,2.92,1.913186572353971e-20,1.66972,false,false,false,false,false,false,false,false,false,false,2246,true
48,H,5,SMU_2002,BsaI,Payload_1,Tag_15,Tag_22,,,,,,N,N,N,Y,0.119,2.08639,-4.765338836833682e-26,1.66972,false,false,false,false,false,false,false,false,false,false,2247,true
48,A,6,SMU_2003,BsaI,Payload_1,Tag_10,Tag_60,,,,,,N,N,N,?,0.9,24.16972,0.20441458830800605,23.21972,false,false,true,true,true,false,false,false,false,false,2248,true
48,B,6,SMU_2003a,BsaI,Payload_1,Tag_95,Tag_145,SMu1819.1,24380346,SMU.2003a,VIMSS296649,1029195,N,N,Y,N,0.101,5.42,8.438207297458541e-16,1.66972,false,false,false,false,false,false,false,false,false,false,2249,true
48,C,6,SMU_2004,BsaI,Payload_1,Tag_18,Tag_136,,,,,,N,N,Y,N,0.121,2.92,-2.6396420099167213e-24,1.66972,false,false,false,false,false,false,false,false,false,false,2250,true
48,D,6,SMU_2005,BsaI,Payload_1,Tag_3,Tag_186,,,,,,N,N,N,Y,0.104,3.33639,3.2973064870396374e-28,1.66972,false,false,false,false,false,false,false,false,false,false,2251,true
48,E,6,SMU_2006,BsaI,Payload_1,Tag_23,Tag_83,,,,,,N,N,N,Y,0.114,8.33639,-1.1142264687398871e-23,1.66972,false,false,false,true,false,false,false,false,false,false,2253,true
48,F,6,SMU_2007,BsaI,Payload_1,Tag_78,Tag_116,,,,,,N,N,Y,N,0.107,16.67,-9.810488026507972e-20,1.66972,false,false,false,true,false,false,false,false,false,false,2254,true
48,G,6,SMU_2008,BsaI,Payload_1,Tag_46,Tag_132,,,,,,N,N,N,?,0.097,3.75306,-2.4647827749153468e-17,1.66972,false,false,false,false,false,false,false,false,false,false,2256,true
48,H,6,SMU_2009,BsaI,Payload_1,Tag_20,Tag_89,,,,,,N,N,N,Y,0.103,2.08639,-6.435439003549119e-25,1.66972,false,false,false,false,false,false,false,false,false,false,2257,true
48,A,7,SMU_2010,BsaI,Payload_1,Tag_22,Tag_50,,,,,,N,N,Y,N,0.111,10.41972,-9.116168523393172e-25,1.66972,false,false,false,true,false,false,false,false,false,false,2258,true
48,B,7,SMU_2011,BsaI,Payload_1,Tag_125,Tag_153,,,,,,N,N,Y,N,0.125,2.08639,3.0884214337959313e-25,1.66972,false,false,false,false,false,false,false,false,false,false,2259,true
48,C,7,intergenic_434,BsaI,Payload_2,Tag_82,Tag_188,,,,,,N,N,,,0.104,2.08639,4.7958928903223684e-24,1.66972,false,false,false,false,false,false,false,false,false,false,2260,true
48,D,7,SMU_2012,BsaI,Payload_1,Tag_120,Tag_133,,,,,,N,N,Y,N,0.104,8.33639,6.010966701877457e-29,1.66972,false,false,false,true,false,false,false,false,false,false,2261,true
48,E,7,SMU_2014,BsaI,Payload_1,Tag_13,Tag_84,,,,,,N,N,N,Y,0.109,5.83667,-1.2883587779583523e-29,1.66972,false,false,false,false,false,false,false,false,false,false,2263,true
48,F,7,SMU_2015,BsaI,Payload_1,Tag_39,Tag_84,,,,,,N,N,N,Y,0.103,9.58639,-3.442545835183817e-21,1.66972,false,false,false,true,false,false,false,false,false,false,2264,true
48,G,7,SMU_2016,BsaI,Payload_1,Tag_111,Tag_118,,,,,,N,N,N,Y,0.111,2.08639,-1.9072663069205632e-21,1.66972,false,false,false,false,false,false,false,false,false,false,2265,true
48,H,7,SMU_2017,BsaI,Payload_1,Tag_1,Tag_81,,,,,,N,N,N,?,0.109,2.08639,-2.3891670999233755e-17,1.66972,false,false,false,false,false,false,false,false,false,false,2266,true
48,A,8,SMU_2018,BsaI,Payload_1,Tag_48,Tag_188,,,,,,N,N,N,Y,0.112,2.08639,1.4992387070222516e-27,1.66972,false,false,false,false,false,false,false,false,false,false,2267,true
48,B,8,SMU_2019,BsaI,Payload_1,Tag_34,Tag_147,,,,,,N,N,Y,N,0.109,2.08639,-8.383462480509429e-16,1.66972,false,false,false,false,false,false,false,false,false,false,2268,true
48,C,8,SMU_2020,BsaI,Payload_1,Tag_103,Tag_157,,,,,,N,N,N,Y,0.118,16.25333,1.4702285226633185e-22,1.66972,false,false,false,true,false,false,false,false,false,false,2269,true
48,D,8,SMU_2021,BsaI,Payload_1,Tag_80,Tag_153,,,,,,N,N,N,Y,0.109,9.58639,4.8710279455306566e-21,1.66972,false,false,false,true,false,false,false,false,false,false,2270,true
48,E,8,SMU_2022,BsaI,Payload_1,Tag_37,Tag_133,,,,,,N,N,N,?,0.11,5.83667,-6.203464380886328e-17,1.66972,false,false,false,false,false,false,false,false,false,false,2271,true
48,F,8,SMU_2023c,BsaI,Payload_1,Tag_164,Tag_168,SMu1838,347750437,SMU.2023c,VIMSS296668,1029214,N,N,N,?,0.107,5.83667,-1.0476866333227098e-14,1.66972,false,false,false,false,false,false,false,false,false,false,2272,true
48,G,8,SMU_2167,BsaI,Payload_1,Tag_83,Tag_114,,,,,,N,N,,,0.109,7.91972,-1.2372826416279356e-16,1.66972,false,false,false,true,false,false,false,false,false,false,2273,true
48,H,8,SMU_2166,BsaI,Payload_1,Tag_146,Tag_157,,,,,,N,N,,,0.119,11.66972,-7.995562165253195e-40,1.66972,false,false,false,true,false,false,false,false,false,false,2274,true
48,A,9,SMU_2024c,BsaI,Payload_1,Tag_37,Tag_78,SMu1839,24380366,SMU.2024c,VIMSS296669,1029186,N,N,N,?,0.238,24.16972,0.058825307116503744,23.74972,false,false,false,true,false,false,false,false,false,false,2275,true
48,B,9,SMU_2025,BsaI,Payload_1,Tag_128,Tag_154,,,,,,N,N,N,?,0.334,24.16972,0.0979778381901299,23.74972,false,false,true,true,false,false,false,false,false,false,2276,true
48,C,9,SMU_2026c,BsaI,Payload_1,Tag_40,Tag_64,SMu1841,24380368,SMU.2026c,VIMSS296671,1029215,N,N,N,Y,0.106,2.08639,1.9679333620203338e-20,1.66972,false,false,false,false,false,false,false,false,false,false,2278,true
48,D,9,intergenic_437,BsaI,Payload_2,Tag_63,Tag_114,,,,,,N,N,,,0.112,5.83667,-6.238133288536265e-22,1.66972,false,false,false,false,false,false,false,false,false,false,2279,true
48,E,9,SMU_2031,BsaI,Payload_1,Tag_121,Tag_126,,,,,,N,N,N,Y,0.116,3.75306,1.1247681710107159e-22,1.66972,false,false,false,false,false,false,false,false,false,false,2286,true
48,F,9,SMU_2032,BsaI,Payload_1,Tag_56,Tag_135,,,,,,N,N,N,?,0.114,5.83667,3.30652943566975e-17,1.66972,false,false,false,false,false,false,false,false,false,false,2287,true
48,G,9,intergenic_440,BsaI,Payload_2,Tag_168,Tag_183,,,,,,N,N,,,0.118,22.08639,-1.1425465311413124e-14,1.66972,false,false,false,true,false,false,false,false,false,false,2289,true
48,H,9,SMU_2065,BsaI,Payload_1,Tag_31,Tag_161,,,,,,Y,Y,Y,N,1.86,23.33667,0.3009196794770111,8.55,true,true,true,true,true,true,true,true,true,true,2324,false
48,A,10,SMU_2078c,BsaI,Payload_1,Tag_53,Tag_123,SMu1886,24380413,SMU.2078c,VIMSS296716,1029249,N,N,Y,N,0.11,19.16972,2.440760178219161e-15,1.67,false,false,false,true,false,false,false,false,false,false,2337,true
48,B,10,SMU_2079c,BsaI,Payload_1,Tag_10,Tag_101,SMu1887,24380414,SMU.2079c,VIMSS296717,1029258,N,?,Y,N,1.673,20.42,0.3327563819321081,16.11,false,false,true,true,true,true,false,false,true,true,2338,true
48,C,10,SMU_2085,BsaI,Payload_1,Tag_67,Tag_175,,,,,,N,N,Y,N,0.098,19.16972,-1.2866347219105132e-25,1.67,false,false,false,true,false,false,false,false,false,false,2345,true
48,D,10,SMU_2088,BsaI,Payload_1,Tag_61,Tag_148,,,,,,N,N,Y,N,0.124,6.25306,5.484573974628241e-19,1.67,false,false,false,false,false,false,false,false,false,false,2348,true
48,E,10,SMU_2093,BsaI,Payload_1,Tag_167,Tag_190,,,,,,N,N,N,?,1.721,19.58639,0.33873023681193515,8.14,false,false,true,true,true,true,false,false,true,true,2354,true
48,F,10,SMU_2096c,BsaI,Payload_1,Tag_69,Tag_179,SMu1902,24380429,SMU.2096c,VIMSS296732,1029275,Y,N,Y,N,1.725,21.25333,0.2950891778983394,8.38,true,false,true,true,true,true,false,true,true,true,2358,true
48,G,10,intergenic_456,BsaI,Payload_2,Tag_137,Tag_178,,,,,,N,N,,,0.757,24.17,0.29263770601452505,23.75,false,false,true,true,true,false,false,false,false,false,2359,true
48,H,10,SMU_2098,BsaI,Payload_2,Tag_140,Tag_150,SMu1904,24380431,SMU.2098,VIMSS296734,1029273,N,Y,N,Y,0.107,8.75306,2.3866690622516968e-24,1.67,false,true,false,true,false,false,false,false,false,false,2361,true
48,A,11,SMU_2102,BsaI,Payload_1,Tag_43,Tag_186,,,,,,Y,Y,Y,N,0.118,10.42,7.19883512601561e-18,1.67,true,true,false,true,false,false,false,false,false,false,2366,true
48,B,11,intergenic_458,BsaI,Payload_2,Tag_4,Tag_40,,,,,,Y,Y,,,0.103,5.41972,9.52787594745621e-25,1.67,true,true,false,false,false,false,false,false,false,false,2367,true
48,C,11,SMU_2135c,BsaI,Payload_1,Tag_126,Tag_151,SMu1937,24380465,SMU.2135c,VIMSS296768,1029300,N,N,N,?,0.092,3.75306,-1.7010312104263107e-21,1.67,false,false,false,false,false,false,false,false,false,false,2401,true
48,D,11,SMU_2136c,BsaI,Payload_1,Tag_6,Tag_93,SMu1938,24380466,SMU.2136c,VIMSS296769,1029311,N,N,N,Y,0.097,14.17,8.203585790484372e-29,1.67,false,false,false,true,false,false,false,false,false,false,2402,true
48,E,11,SMU_2138,BbsI,Payload_3,Tag_13,Tag_126,,,,,,N,N,N,Y,0.101,18.33639,6.451643692828485e-23,1.67,false,false,false,true,false,false,false,false,false,false,2404,true
48,F,11,SMU_2139c,BbsI,Payload_3,Tag_62,Tag_110,SMu1941,24380469,SMU.2139c,VIMSS296772,1029314,N,N,Y,N,0.113,18.33639,1.0999951985762282e-20,1.67,false,false,false,true,false,false,false,false,false,false,2405,true
48,G,11,SMU_2143c,BsaI,Payload_1,Tag_90,Tag_152,SMu1945,24380473,SMU.2143c,VIMSS296776,1029315,N,N,N,Y,0.097,10.83667,-1.4261609152211403e-17,1.67,false,false,false,true,false,false,false,false,false,false,2409,true
48,H,11,SMU_2148c,BsaI,Payload_1,Tag_98,Tag_181,SMu1948,24380476,SMU.2148c,VIMSS296779,1029323,Y,Y,N,?,0.851,24.16972,0.24368773779299707,23.63,true,true,true,true,true,false,false,true,true,true,2413,true
48,A,12,SMU_2149c,BbsI,Payload_3,Tag_57,Tag_157,SMu1949,24380477,SMU.2149c,VIMSS296780,1029326,Y,N,N,?,0.699,24.16972,0.18418512578158594,23.75,true,false,true,true,true,false,false,false,true,true,2414,true
48,B,12,SMU_2150c,BsaI,Payload_1,Tag_53,Tag_132,SMu1950,24380478,SMU.2150c,VIMSS296781,1029324,Y,N,N,?,0.194,24.16972,0.06626202665735036,23.75,true,false,false,true,false,false,false,false,false,false,2415,true
48,C,12,SMU_2151,BsaI,Payload_1,Tag_145,Tag_189,,,,,,N,N,N,Y,0.1,14.17,-6.795882853023155e-22,1.67,false,false,false,true,false,false,false,false,false,false,2416,true
48,D,12,SMU_2157,BsaI,Payload_1,Tag_22,Tag_99,,,,,,N,N,N,?,0.108,14.58639,2.3875434410681564e-17,1.67,false,false,false,true,false,false,false,false,false,false,2422,true
48,E,12,SMU_2158c,BsmBI/Esp3I,Payload_5,Tag_103,Tag_142,SMu1958,24380486,SMU.2158c,VIMSS296789,1029333,N,N,N,?,0.106,14.17,3.825497427759663e-24,1.67,false,false,false,true,false,false,false,false,false,false,2423,true
48,F,12,intergenic_466,BbsI,Payload_4,Tag_101,Tag_175,,,,,,N,N,,,0.106,18.33639,-1.0499245350098332e-16,1.67,false,false,false,true,false,false,false,false,false,false,2428,true
